Customer Name,Customer ID,Order ID Distinct Count,Total Total Price($)
Aaron Adams,c02db962-2a52-450f-bde5-eaad5cb438e8,1,175
Aaron Adams,,1,175
Aaron Bailey,f1d3cd3f-518b-4438-b11b-a1303d936099,1,268
Aaron Bailey,,1,268
Aaron Stone,e84f2a89-6dad-4af3-adce-226b11ad6b38,1,120
Aaron Stone,,1,120
Abigail Sharp,52ae79b3-3758-4daa-b159-6942e1b88018,1,656
Abigail Sharp,,1,656
Adam Bell,55a5c2fb-ca8c-4b83-9c8e-7985c9ca4c25,1,201
Adam Bell,,1,201
Adam Gonzalez,ebffee5f-0936-49e2-ae67-0a2170d06b38,1,85
Adam Gonzalez,,1,85
Adam Lee,8cb0fb41-35d1-41b7-a64a-c75391e7810f,1,159
Adam Lee,,1,159
Adam Mckenzie,9b44dfb3-b0b3-44a8-834e-f50fb5a706d6,1,356
Adam Mckenzie,,1,356
Adam Pearson,539d874d-a00f-49d3-b6f1-c02832d7d01b,1,44
Adam Pearson,,1,44
Adam Stephens,0b5ed823-6536-4a92-8202-33008020c7c4,1,24
Adam Stephens,,1,24
Adrian Summers,92f57ceb-ccae-4f2f-8f96-0640b3b71a4b,1,228
Adrian Summers,,1,228
Adriana Powell,42bee8c5-a98f-4987-aeec-e160fb24c964,1,59
Adriana Powell,,1,59
Alan Rasmussen,e5be59c2-2616-4466-a87e-494a694f1b34,1,20
Alan Rasmussen,,1,20
Alexa Little,ddd4662a-eabd-4d3d-92b4-d0eba4ab090c,1,331
Alexa Little,,1,331
Alexander Contreras,f7261ec6-8fe9-4268-927b-d191d7e23f54,1,62
Alexander Contreras,,1,62
Alexander Harding,bdfa9e76-cc9d-4223-8b46-6edfe0197f3e,1,166
Alexander Harding,,1,166
Alexander Jennings,8d99b8f9-0e7e-4715-bc3a-44e08ff4f6e4,1,221
Alexander Jennings,,1,221
Alexander Wilson,ff2eda18-e6e2-4359-acc5-1e1467e28237,1,59
Alexander Wilson,,1,59
Alexandra Black,4b11d6af-89e5-41a3-a7b8-25d2578c31b4,1,386
Alexandra Black,,1,386
Alexandra Singh,db9b2b80-cabf-4b2f-b2fe-ec3f6d5a33d7,1,224
Alexandra Singh,,1,224
Alexandra Wiley,9b63c24f-f41c-456e-a859-2fe8596b1ace,1,182
Alexandra Wiley,,1,182
Alexandria Church,d9c7b446-f7c0-40e8-90de-896bacbb42f5,1,89
Alexandria Church,,1,89
Alexandria Hall,c961cda6-9784-4534-93ec-f2e9e95ed9d7,1,36
Alexandria Hall,,1,36
Alexandria Lowe,5c9defb6-d57a-4c0d-b5bb-f9cbb86bba88,1,132
Alexandria Lowe,,1,132
Alexis Guerra,68bee6f4-59e2-4a1f-acc3-354b3d8ffb75,1,235
Alexis Guerra,,1,235
Alexis Miles,a5d52761-abff-4146-a3a3-74ca672acf17,1,426
Alexis Miles,,1,426
Alexis Smith,48bb5b3d-625c-4176-8da2-993d5cf8bbd8,1,542
Alexis Smith,,1,542
Alison Beard PhD,18afbedc-c647-4805-9b97-8059caf3c6b0,1,406
Alison Beard PhD,,1,406
Allen Davis,0c43d210-e153-4c81-b745-fbf216cd3971,1,86
Allen Davis,,1,86
Allen Harris,0dd061a7-edeb-4033-b34c-8ff44696b060,1,478
Allen Harris,,1,478
Allison Hanson,9a10980a-5015-4e8a-816c-3c037d33f9d2,1,109
Allison Hanson,,1,109
Allison Harrell,68acd360-6af5-463c-8faa-0afaf84dba81,1,113
Allison Harrell,,1,113
Allison Hernandez,7fa76f34-6612-4e5c-ab23-71bcd61357cc,1,285
Allison Hernandez,,1,285
Allison Morris,35bfb287-e72f-4344-85e7-1bd565dea292,1,349
Allison Morris,,1,349
Alvin Phillips,fd208801-896a-4476-9444-ee308c6451d0,1,444
Alvin Phillips,,1,444
Alyssa Martinez,379bd0c4-5fca-4083-a61e-dbfeb9619332,1,94
Alyssa Martinez,,1,94
Alyssa Sanchez,9b19bf49-80bc-429c-adae-f71e1b22b3e5,1,50
Alyssa Sanchez,,1,50
Amanda Collins,1fd81226-ed83-412c-a447-b9cc5c80f1ab,1,392
Amanda Collins,,1,392
Amanda Conley,9eb48741-4f25-4e86-9943-676ec5bfdacf,1,298
Amanda Conley,,1,298
Amanda Frazier,26551c8b-a644-4f7e-9dbe-5b4640558c11,1,498
Amanda Frazier,,1,498
Amanda Lin,3c65a7b3-9270-45c4-b577-2dbe29f0a576,1,86
Amanda Lin,,1,86
Amanda Miranda,5db826e2-f1b5-4f0c-9317-0da921be5bf8,1,52
Amanda Miranda,,1,52
Amanda Schwartz,f758552b-0c7b-4c85-9a62-09e9dadebe01,1,102
Amanda Schwartz,,1,102
Amanda Taylor,ec661679-deb6-45ec-9ba1-92aaa267c239,1,8
Amanda Taylor,,1,8
Amber Hart,cee3f20e-6acd-486b-af26-d0a504f385da,1,145
Amber Hart,,1,145
Amber Smith,70013169-58bb-4731-aaa8-0f166a055f74,1,98
Amber Smith,,1,98
Amy Garza,94436e5a-def0-4037-add0-1887d2c6c352,1,911
Amy Garza,,1,911
Amy Hill,37eaea6b-7786-411d-95fd-daac61fc6bbb,1,54
Amy Hill,,1,54
Amy Lewis,4ca18485-0f4c-4df1-82b1-9e2d7d55291e,1,328
Amy Lewis,,1,328
Amy Rivers,f422fd43-6bc1-45ce-aa93-5143168dc412,1,556
Amy Rivers,,1,556
Amy Wilson,68783811-a36f-472b-b651-b7499cd510a6,1,118
Amy Wilson,,1,118
Amy Zimmerman,a730fdcb-5851-4a09-af4b-5027ecb574c1,1,23
Amy Zimmerman,,1,23
Ana Simmons,6fdb3ad9-f655-4d05-819d-f22a06d06376,1,324
Ana Simmons,,1,324
Andrea Smith,cc7177a2-5d6e-4a64-a2df-8f3e57db2561,1,7
Andrea Smith,,1,7
Andrea Wells,115966e6-011f-4234-91e1-f83a6392477d,1,15
Andrea Wells,,1,15
Andrew Davidson,4cfb28b7-ff9c-4d96-9e2c-b5fc7965eff9,1,455
Andrew Davidson,,1,455
Andrew Garcia,d973212c-57ca-4707-9642-d55fb38ddfa8,1,112
Andrew Garcia,,1,112
Andrew Lawrence,ad40599a-da1c-4ea8-be89-8eae7cac885c,1,255
Andrew Lawrence,,1,255
Andrew Robbins,6b93e708-a88a-456e-b533-37e2e4163414,1,145
Andrew Robbins,,1,145
Angela Diaz,3f8bffa4-7145-4b48-a5b6-426837f98aaf,1,354
Angela Diaz,,1,354
Angela Jennings,4a66ecb1-10d2-4539-94b7-7055fe432ace,1,896
Angela Jennings,,1,896
Angela Robinson,8a780c4e-53c0-41a9-9418-68560ef43e79,1,72
Angela Robinson,,1,72
Angela Smith,83c0ddf7-b257-40ca-8a0e-d15b2f30538d,1,107
Angela Smith,,1,107
Angela White,b0d0e472-2d1e-4939-a4fd-e0db42047df8,1,30
Angela White,,1,30
Angelica Cuevas,a1c22848-bff8-48b7-93a3-342069259a86,1,518
Angelica Cuevas,,1,518
Angelica King,4866eec8-2053-4fae-b58c-c130964c8cfd,1,151
Angelica King,,1,151
Anita Mccoy,6b38e288-7285-4678-a9a8-8afa5a47d702,1,18
Anita Mccoy,,1,18
Ann Duarte,889954d7-0332-4f7c-9b10-e7f137a7fa30,1,154
Ann Duarte,,1,154
Ann Fuentes,0a6caba5-b1f2-41c0-959f-e88a3471e831,1,195
Ann Fuentes,,1,195
Anna Hughes,da67e8f8-61e4-413b-b93e-b87065db32a8,1,53
Anna Hughes,,1,53
Anna Terry,d2624a81-2634-4088-b226-2ddcc9ae1e4c,1,61
Anna Terry,,1,61
Anne Hodges,952d8c46-ee67-467b-bf28-d9bc77b87c24,1,620
Anne Hodges,,1,620
Anne Leach,eb6a8366-33d4-476b-9960-767dada96b5e,1,279
Anne Leach,,1,279
Anne Roberts,bf9df569-a9a8-42e7-93ef-7f4f6ffd4f08,1,138
Anne Roberts,,1,138
Anne Rose,6471517c-342d-49f0-940d-ac857545fc0d,1,287
Anne Rose,,1,287
Anthony Francis,a4187d0e-edbf-49c4-bdb7-f713effcf2a4,1,166
Anthony Francis,,1,166
Anthony Garrett,13d858ba-6cb7-43d4-b8f7-52fc657c8c6c,1,360
Anthony Garrett,,1,360
Anthony Huff,faaa6d4c-ce37-40b6-84ca-3a80700736de,1,73
Anthony Huff,,1,73
Anthony Martin,0c266e16-9bdf-40d9-9cfc-8b32c5f01b4f,1,198
Anthony Martin,,1,198
Anthony Peck,02a66dd1-8407-459c-a2d5-45368e4db41f,1,147
Anthony Peck,,1,147
Anthony Price,09ce3e1c-df0f-4dec-acb2-3e691fa733b6,1,635
Anthony Price,,1,635
Anthony White,1c6df658-2d25-457e-bd09-b85732bdd65f,1,133
Anthony White,,1,133
April Davis,b7b9703f-a522-47c8-bb30-30057175c08f,1,244
April Davis,,1,244
April Preston,b9292ff0-412a-4653-820b-5fef2ba65e49,1,149
April Preston,,1,149
April Simmons,aea55fd6-227f-4200-ac58-3a727dee30a4,1,113
April Simmons,,1,113
Ariel Compton,78e9cdd0-fcdc-4e74-8a65-0940bf99926f,1,111
Ariel Compton,,1,111
Ashley Allison,59a4a389-c61f-4d8a-8e14-2575cf0bcc68,1,85
Ashley Allison,,1,85
Ashley Boyle DVM,e8668f4c-030f-4e72-a4c3-5c7da8648320,1,531
Ashley Boyle DVM,,1,531
Ashley Melendez,8118b61d-6e36-49a9-9b96-1c754b800839,1,287
Ashley Melendez,,1,287
Ashley Tanner,c103441e-81f0-4ea3-8fea-6dd85401c1d9,1,484
Ashley Tanner,,1,484
Ashley Taylor,f5eefb84-afba-42d9-abc1-9644e4f6ff14,1,307
Ashley Taylor,,1,307
Audrey Torres,02dbfd3e-5453-4c95-9563-5ec7a6be9d6b,1,68
Audrey Torres,,1,68
Austin Dorsey,3b3071d1-4668-4d54-b2a4-bd824a9e5b0b,1,257
Austin Dorsey,,1,257
Barbara Frank,3808348e-b198-4476-8b72-cead0ca18875,1,223
Barbara Frank,,1,223
Barbara Moore,1b390be2-fde4-45a3-b210-0292c2d0e3e5,1,451
Barbara Moore,,1,451
Barbara Petersen,027cdc91-5b11-451c-90a2-b6158bd057ff,1,277
Barbara Petersen,,1,277
Barbara Thompson,f6f66a2c-029a-49db-adf4-26670e0165bb,1,576
Barbara Thompson,,1,576
Barry Johnson,a875e77a-7e83-455f-8d61-5a737498b1d6,1,10
Barry Johnson,,1,10
Benjamin Blair,bf217f7b-d0fe-4e81-99cf-7011db2b9386,1,345
Benjamin Blair,,1,345
Benjamin Miller,256959e0-91c1-4155-aa55-1abe785a3f53,1,362
Benjamin Miller,,1,362
Benjamin Salazar,4976f24e-90e8-45f5-9bdc-6d244e169600,1,91
Benjamin Salazar,,1,91
Benjamin Smith,78c4405b-f8ee-4a36-94bb-6c1abfdeb045,1,164
Benjamin Smith,,1,164
Benjamin Vincent,3bbc9db8-8828-4878-8042-628794384955,1,37
Benjamin Vincent,,1,37
Benjamin Williams,dc492f3c-1f1b-4162-bbae-9ffcd54ee35b,1,196
Benjamin Williams,,1,196
Beth Wilson,8ad99e66-fb76-4852-ac30-ae9acd7cc4db,1,133
Beth Wilson,,1,133
Bethany King,1137719f-6d1a-4f81-993d-2c143539af63,1,813
Bethany King,,1,813
Bob Forbes,26f1e257-bd2e-4363-b8df-279f945df1b6,1,150
Bob Forbes,,1,150
Bobby Mcpherson,4204c3cf-9c9e-488e-aca5-03d9451e497d,1,188
Bobby Mcpherson,,1,188
Bradley Evans,ab3b6bd1-7380-4395-bc1b-04f6afb74868,1,73
Bradley Evans,,1,73
Bradley Stephens,9ba63c49-1189-4501-973b-ad234a05847e,1,29
Bradley Stephens,,1,29
Brandon Blake,1808ed58-1e8d-4f86-ab3a-d7c66bb0fe07,1,591
Brandon Blake,,1,591
Brandon Hernandez,223b072b-ecf6-440c-a1b8-bad22b162070,1,207
Brandon Hernandez,,1,207
Brandon Padilla,c3e41dfd-1c52-4802-b4d0-4aefcd2995ca,1,74
Brandon Padilla,,1,74
Brandon Ross,bbad92f6-3d3e-4185-8697-967a1c25c4b8,1,362
Brandon Ross,,1,362
Brandon Woodard,933f5140-cb43-4d6a-8eba-58fcc1128cff,1,231
Brandon Woodard,,1,231
Brandy Hall,a51db95a-98f8-4650-a31e-26a9a8d01364,1,400
Brandy Hall,,1,400
Breanna Burton,d931feda-ff15-4b2d-b028-2f354328fef1,1,764
Breanna Burton,,1,764
Brenda Day,68a9bcd1-430b-49ca-814f-8bdc81d60b34,1,417
Brenda Day,,1,417
Brenda Dougherty,1710e62b-4748-46f7-b58d-386c1fed9093,1,989
Brenda Dougherty,,1,989
Brendan Scott,5617c3b8-6b9a-4644-87a6-65a64c40fd0a,1,14
Brendan Scott,,1,14
Brian Brady,e2ed9a58-16f3-4b8b-900c-c5d079cc2863,1,371
Brian Brady,,1,371
Brian Casey,f8b4d8fb-e8bd-4e13-89e7-153e6f3397ad,1,494
Brian Casey,,1,494
Brian Graham,ab2c2355-410d-45b0-90e5-84a278364a46,1,375
Brian Graham,,1,375
Brian Gutierrez,36ceb34b-276c-46d2-b0a5-fa1b5d5c54bd,1,158
Brian Gutierrez,,1,158
Brian Lopez,fd07c8b4-3fb1-46fa-8729-7e1672a7c794,1,359
Brian Lopez,,1,359
Brian Reyes,ee17a3d1-1fd7-4dcc-8807-69b1b68f629d,1,168
Brian Reyes,,1,168
Brian Tucker,01962b67-6a23-4f63-8692-a5ecaccff66c,1,77
Brian Tucker,,1,77
Briana Floyd,f0483b76-5949-4390-b6e6-857386d5f32e,1,592
Briana Floyd,,1,592
Brittany Burke,23fec0c2-f54e-4de8-92f6-a67381b41935,1,90
Brittany Burke,,1,90
Brittany Ewing,1db45aab-85d1-47b5-a684-12359b816fc1,1,120
Brittany Ewing,,1,120
Brittany Jones,caef1d14-2642-42da-afee-c73dc47a081d,1,324
Brittany Jones,,1,324
Brittney Baldwin,4c818deb-543a-4b5b-ae9d-a73ef5e15c20,1,896
Brittney Baldwin,,1,896
Brittney Dominguez,272ea5f1-6bb3-40be-a4a0-35bf9b57c055,1,788
Brittney Dominguez,,1,788
Brooke Davis,0f82277a-049e-46b7-bf01-6c05d615d5a6,1,664
Brooke Davis,,1,664
Brooke Moody,67cde2f9-bf9a-497a-81ac-10a71dc5168d,1,87
Brooke Moody,,1,87
Bryan Rodgers,54eeb892-f916-4c18-8161-dc71f2b0c87a,1,236
Bryan Rodgers,,1,236
Caitlin Hall,a953408b-072e-409e-b277-819076528bdb,1,321
Caitlin Hall,,1,321
Caleb Marshall,94e153a3-58cc-4791-bc06-c3b90e0ff4f3,1,51
Caleb Marshall,,1,51
Calvin Gonzalez,c83b4261-4641-40c1-907d-f729ea1f0ba7,1,134
Calvin Gonzalez,,1,134
Candice Walker,e5a18e00-e76c-40b3-a8df-e9ac346b9ce8,1,163
Candice Walker,,1,163
Carla Rogers,37c7f6f5-1ff8-471c-a4c7-b1b4cfb37316,1,17
Carla Rogers,,1,17
Carla Torres,f6101875-e557-41c4-920a-9ce92bdb1eb1,1,74
Carla Torres,,1,74
Carlos Garcia,ce1e6fe9-3026-4b08-a870-cd1d5cd4ac08,1,232
Carlos Garcia,,1,232
Carlos Miller,6d2886a6-02a4-4dd5-9089-a19c3abd44c1,1,142
Carlos Miller,,1,142
Carol Gaines,70c9dcc3-2ec9-4e8a-8b3d-038cb845e907,1,982
Carol Gaines,,1,982
Carol Spencer,9dd5de17-d243-4ae1-9c45-683fd8674342,1,541
Carol Spencer,,1,541
Carrie Rivera,6eeaf3d5-12a7-49d5-82ac-47b4c8b16133,1,30
Carrie Rivera,,1,30
Carrie White,91c03de5-0cd4-4ff9-af8e-7acb24c0e6b9,1,2
Carrie White,,1,2
Carrie Wong,25e10acb-6033-43fb-8355-a6f2a8948038,1,420
Carrie Wong,,1,420
Casey Smith MD,36dc6157-3040-466c-b6f4-9f04908281c7,1,36
Casey Smith MD,,1,36
Cassandra Davis,25620939-5191-4d94-83fe-411164050a77,1,2
Cassandra Davis,,1,2
Cassandra Nelson,5e5d85d0-ea34-40ec-a9ca-26250f792b09,1,696
Cassandra Nelson,,1,696
Cathy Baker,fe5d3047-1ecb-4128-8300-61fc548e2dcb,1,356
Cathy Baker,,1,356
Chad Hawkins,2cc493c2-cdf0-45cc-bb19-dd64f9fb2a70,1,339
Chad Hawkins,,1,339
Chad Weber,41721c04-0aa0-4974-8d2a-3eb359d1053d,1,137
Chad Weber,,1,137
Charles Davis,5e093ed5-9af7-463a-82c4-ec2d074268f5,1,110
,b886b373-9302-430e-bba9-c60df9c36787,1,39
Charles Davis,,2,149
Charles Esparza,869fa34c-a743-4364-9874-0425d2a15c93,1,379
Charles Esparza,,1,379
Charles Garner,ec3e5798-516e-4676-8b07-6bc9acd806ba,1,18
Charles Garner,,1,18
Charles Hill,e14000a7-3d72-481e-b97f-bae883318509,1,249
Charles Hill,,1,249
Charles Hopkins,4f44a055-0444-474d-8f5d-df010cc83272,1,618
Charles Hopkins,,1,618
Charles Jordan,915e2bfb-4040-4832-b997-63bcdd573b50,1,177
Charles Jordan,,1,177
Charles Mcdonald,288ba3e8-0d6e-4825-bc8b-ddc462ed5342,1,532
Charles Mcdonald,,1,532
Charles Reynolds DDS,8dae9f3f-e5ea-4717-ab55-6c41acd14a0b,1,128
Charles Reynolds DDS,,1,128
Charles Vasquez,175edc53-f648-442c-ad1c-b8d743bf81fb,1,175
Charles Vasquez,,1,175
Chelsea Mason,1ecd7a23-5297-4cad-a6d1-8b25dbb9d1b9,1,814
Chelsea Mason,,1,814
Chelsea Smith,172cc1c2-2f2a-49e9-a051-c486115be64d,1,157
Chelsea Smith,,1,157
Chelsey Hamilton,e75b636c-eca8-442a-9a37-07c74e4cb55e,1,19
Chelsey Hamilton,,1,19
Cheryl Downs,ebe159aa-b353-4e19-8496-53e59eda30eb,1,109
Cheryl Downs,,1,109
Cheryl Miles,389affa2-1891-47f3-8808-3525947132dc,1,114
Cheryl Miles,,1,114
Cheyenne Benson,c9ad7e60-cdf4-486c-979a-6199ebea6c0e,1,780
Cheyenne Benson,,1,780
Chloe Blake,abb0e343-c4fc-4be6-8e4d-6713a8608514,1,39
Chloe Blake,,1,39
Christian Rogers,6f27178d-3a9c-4dc1-9103-21a6c55507ba,1,115
Christian Rogers,,1,115
Christina Henry,1caae3b4-dd88-4c9c-82c7-b1d1c1c194a0,1,41
Christina Henry,,1,41
Christina Lam,1a99c60d-77ca-4dea-bf69-cd7775e3daef,1,986
Christina Lam,,1,986
Christina Morrison,1bdfe4c9-db18-4f9f-848d-4455279382f2,1,127
Christina Morrison,,1,127
Christine Potter,57c270f3-f17b-4b70-a784-0c627768757a,1,542
Christine Potter,,1,542
Christine Vega,4f69b913-9295-454a-8911-463ac7618150,1,187
Christine Vega,,1,187
Christopher Butler,97ccfc40-95dd-4990-bfa7-59cf53ba772a,1,482
Christopher Butler,,1,482
Christopher Gallagher,4745f3c4-0f29-4756-88c7-cfcd689a420c,1,467
Christopher Gallagher,,1,467
Christopher Hoover,4ef43f70-ae0d-48c2-b567-cd109154a48a,1,81
Christopher Hoover,,1,81
Christopher Jordan,43ca6c9c-7676-4233-821c-2a225104f0be,1,240
Christopher Jordan,,1,240
Christopher Lewis,1b251127-63f5-45f1-9380-17f5b4b23670,1,11
Christopher Lewis,,1,11
Christopher Myers,5b2caa1c-1664-46d4-a9e0-97c38bb4f990,1,312
Christopher Myers,,1,312
Christopher Newton,db69e980-ec41-4883-b2cd-08a78c1242ad,1,474
Christopher Newton,,1,474
Christopher Ray,e4137cad-a2ee-45fa-b386-3c643342de15,1,22
Christopher Ray,,1,22
Christopher Rivera,fe35f31a-4e53-41b2-9479-b208646cf64e,1,930
Christopher Rivera,,1,930
Christopher Tapia,b00b7916-bd0d-4c35-a74e-499c86fede52,1,102
Christopher Tapia,,1,102
Christopher Thomas,7ccf4390-640b-442d-a3c7-af626902bd78,1,349
Christopher Thomas,,1,349
Christopher Valentine,3e041114-9329-4a65-9fdb-3307a96f0ca4,1,587
Christopher Valentine,,1,587
Christopher Wagner,f6561b71-60b2-4855-8c0f-8efeece62223,1,20
Christopher Wagner,,1,20
Christopher Watson,081d08ca-a4e4-49d6-b310-df38aa493c3a,1,42
Christopher Watson,,1,42
Christy Cooper,91e44e22-8d41-4780-9ffc-24e19d2e66ea,1,164
Christy Cooper,,1,164
Cindy Ellis,592dc93b-5502-4221-a9ae-fbb8d9ede0ff,1,149
Cindy Ellis,,1,149
Cindy Frazier MD,c0b22fba-84e0-4081-b1ef-da48a37337f0,1,120
Cindy Frazier MD,,1,120
Cindy Hayes,6d487f67-5790-40d2-a1ce-ec818a2530da,1,46
Cindy Hayes,,1,46
Cindy Lucas,0c1e5697-83c8-4176-a1c8-28666a73921b,1,220
Cindy Lucas,,1,220
Claudia Arellano,a54eecfe-756c-4b97-a737-7bd022e8cb7c,1,366
Claudia Arellano,,1,366
Claudia Rodriguez,62645f99-1546-4d2b-8a8c-8ac379046207,1,226
Claudia Rodriguez,,1,226
Clinton Hall,597d4d1e-cd8c-4c1e-b614-682bde97df24,1,79
Clinton Hall,,1,79
Cody Rodriguez,35cd3aeb-dc4e-4eec-be08-4689ad970502,1,223
Cody Rodriguez,,1,223
Colleen Elliott,954a33f1-35d1-4ea4-891b-54626ae0288d,1,235
Colleen Elliott,,1,235
Colleen Harrison,88bdfe17-2084-4c1d-bf90-f73c0719948c,1,549
Colleen Harrison,,1,549
Colleen Mathews,b3089a30-8194-40ed-ae42-dfedae3a69c6,1,74
Colleen Mathews,,1,74
Connie Morris,de30dbba-dda0-4347-9b31-dd9784e2715b,1,716
Connie Morris,,1,716
Connor Castillo,d0546e44-6d02-4d09-a96b-3b45435df199,1,56
Connor Castillo,,1,56
Connor Dixon,88aa8de3-bc39-49f8-9201-cfcfe5d06836,1,820
Connor Dixon,,1,820
Connor Williamson,5ca8d096-bdc6-4583-84cd-1f3ba074df56,1,256
Connor Williamson,,1,256
Courtney Foster,287bc3c0-d3e6-43cb-b68d-0d926790ab7a,1,63
Courtney Foster,,1,63
Courtney Green,91f0c5c4-8fa0-462e-a7e0-9ff30c6a6f0e,1,294
Courtney Green,,1,294
Courtney Johnston,b86477a4-0515-4d37-b2a4-5b3f1be44278,1,557
Courtney Johnston,,1,557
Courtney Oconnor,90b72b42-ce46-44cc-8b7c-7c336126425a,1,259
Courtney Oconnor,,1,259
Craig Walter,414aee05-a09d-4130-84aa-30c92ab4d130,1,291
Craig Walter,,1,291
Crystal Carroll,d533f825-be7f-4b92-b10f-748e0933351e,1,224
Crystal Carroll,,1,224
Cynthia Gonzalez,47e4523e-37be-4156-8396-43c87a97d004,1,109
Cynthia Gonzalez,,1,109
Dana Brennan,150bcc3e-c94c-4fac-a31a-f57a98a26260,1,35
Dana Brennan,,1,35
Dana Tran,828a0cc8-878a-401d-9118-2eb51d9f419b,1,96
Dana Tran,,1,96
Daniel Branch,637a836d-d8b0-4737-b72a-65c075639eb9,1,82
Daniel Branch,,1,82
Daniel Clark,7726c3f2-73cc-4067-bf3e-f358bd8a7a49,1,876
Daniel Clark,,1,876
Daniel Garcia,9059f719-9b52-4b4f-8064-53561f13cae3,1,233
Daniel Garcia,,1,233
Daniel Hendrix,df4f2482-5d76-45b9-b8b6-91600a5ca040,1,268
Daniel Hendrix,,1,268
Daniel Lamb,efb84097-00c9-4291-a77d-0fe957ab4f91,1,26
Daniel Lamb,,1,26
Daniel Leblanc,01181001-60dd-458c-b224-66896cd68663,1,599
Daniel Leblanc,,1,599
Daniel Mitchell,e97fad70-7be3-4dcc-b219-982eb4687019,1,377
Daniel Mitchell,,1,377
Daniel Smith,246a4b99-51b6-4e34-9b21-b012dfab3b28,1,379
,c7caced6-0e50-40d0-820a-0fe555878f3b,1,23
,cd2fbd7f-9cea-46f1-9f36-02b1bcd67151,1,604
Daniel Smith,,3,1006
Daniel Walker,3269cd61-70b9-43f7-9074-abd9ab99786a,1,67
Daniel Walker,,1,67
Daniel Ward,8f3715af-a3a3-44e1-a1d7-47cbd1c014dd,1,216
Daniel Ward,,1,216
Daniel Wheeler,3294e3c3-a76f-4b62-b959-f18196033b1e,1,170
Daniel Wheeler,,1,170
Danielle Leach,a8d6e1e4-119c-4de9-8325-82112bff991e,1,276
Danielle Leach,,1,276
Danielle Patel,6e8f7821-4751-4a72-97e6-afa6818a7f64,1,294
Danielle Patel,,1,294
Darren Armstrong,40d7a6c8-4fce-4d98-88c7-104201b98cb4,1,170
Darren Armstrong,,1,170
David Allen,0b846b47-4d7e-4369-be77-f64d9d2314a5,1,24
David Allen,,1,24
David Barnes,4b67e391-bdb4-4c3b-97fa-efc7ee77abed,1,89
David Barnes,,1,89
David Barry,f653466f-4a3f-4146-a177-37693100831a,1,113
David Barry,,1,113
David Gray,8f675317-31f1-4e4f-a1d9-22eaf61a5daf,1,420
David Gray,,1,420
David Hendricks,b82ca626-3714-453a-9069-819b4ef3cf34,1,136
David Hendricks,,1,136
David Hernandez,8d63767f-5d8c-42ba-bebb-21ab01652c65,1,356
David Hernandez,,1,356
David Hughes,d56b8a05-4fd3-4931-9dca-584c02fc9248,1,58
David Hughes,,1,58
David Jordan,cd16c85a-6c2d-4481-9009-4220a7913049,1,291
David Jordan,,1,291
David Lowe,c3e84caa-5b47-44a3-b62e-80253738d350,1,516
David Lowe,,1,516
David Mccall,7e90695d-ca60-4c13-b35b-ff36baf39299,1,12
David Mccall,,1,12
David Moses,158048af-36af-4e5a-a4ea-810c44fe324e,1,355
David Moses,,1,355
David Petersen,acbf7978-da44-459e-8dd3-85c9cb241eb8,1,295
David Petersen,,1,295
David Stout,2325cd6c-9f2c-4dca-a418-73d624e9fa03,1,287
David Stout,,1,287
David Strong,77300ba1-f7d1-4304-bbe0-153c72775e91,1,334
David Strong,,1,334
David Walls,4a02b8e2-da5b-48db-bc8c-893e80cc0160,1,311
David Walls,,1,311
David Webb,8e945fff-8c35-4b54-84dc-2d6c958d776a,1,58
David Webb,,1,58
David Wilkerson,c98c8f0d-87bd-41df-9415-73cb3eeeec7b,1,557
David Wilkerson,,1,557
David Willis,fb4bd372-a15d-4d30-8349-16cffd312161,1,6
David Willis,,1,6
David Wright,c9b147ba-7c36-4c28-96da-77371ed95276,1,265
,d2606165-d88a-44e1-8aaf-45ba825d5106,1,34
David Wright,,2,299
Dawn Mercado,db15755d-c13d-4176-b498-3a4c5a6f4cb9,1,96
Dawn Mercado,,1,96
Dawn Simmons,a673e91a-526f-49ba-8160-753e0b2a8535,1,659
Dawn Simmons,,1,659
Deanna Gallagher,10fae1cf-0af8-4a02-a8e2-72325864dbe0,1,70
Deanna Gallagher,,1,70
Deanna Rodriguez,0935a298-bbe2-4035-b957-db769e095d99,1,155
Deanna Rodriguez,,1,155
Deborah Moreno,511c2ca4-e4c4-4d10-8158-e76c2032730c,1,476
Deborah Moreno,,1,476
Debra Bryan,0cd51285-df6e-47ea-8dea-1061f622e8c4,1,322
Debra Bryan,,1,322
Debra Ibarra,72f63d9b-4a77-4d85-a81e-5253c4420fef,1,25
Debra Ibarra,,1,25
Debra Kline,d2f3680e-f80b-4178-b6b9-cabee012bc67,1,212
Debra Kline,,1,212
Denise Beck,6fbc61a4-771e-4c1c-b7a1-5a8ef1b27081,1,610
Denise Beck,,1,610
Denise Matthews,127a5942-75c2-48ec-b6d8-5735685eca78,1,54
Denise Matthews,,1,54
Denise Rogers,9b6e4c04-5bcc-4c67-b800-07479ebad082,1,388
Denise Rogers,,1,388
Dennis Brown,ca091290-c90d-4f17-aa14-e2cb58ed4717,1,308
Dennis Brown,,1,308
Derek Hudson,9bbec270-20f6-4951-ba17-f87bd37329db,1,8
Derek Hudson,,1,8
Derrick Carter,94092cda-052d-46fb-935c-c9679d3134b3,1,284
Derrick Carter,,1,284
Desiree Lopez,d12dad28-feee-4f76-a64a-73637a1dae66,1,199
Desiree Lopez,,1,199
Devon Andrade,000120a1-390b-499d-924a-0da54b6525b6,1,439
Devon Andrade,,1,439
Diane Maldonado,876d2a4b-c8d5-44a0-ab62-b6a51f57b824,1,191
Diane Maldonado,,1,191
Diane Walker,21783e8c-8e58-4614-84a1-231edad52fcd,1,76
Diane Walker,,1,76
Dominic Wilson,36bd8751-1c91-4bc3-a135-7c652406e28f,1,724
Dominic Wilson,,1,724
Donald Gilbert,01c16c94-88d2-4774-a440-b83f6634a1b9,1,328
Donald Gilbert,,1,328
Donald Lane,a8d0c145-a416-48e1-bdf3-a52f63d3ce8d,1,252
Donald Lane,,1,252
Donald Robinson,1acf20be-6e2e-4a01-b033-8dc66f0390fd,1,190
Donald Robinson,,1,190
Donald Schmidt,6ff3d03f-1104-4430-ba3c-2a23e4125b2c,1,484
Donald Schmidt,,1,484
Donald Soto,a09e251c-9b13-4c4d-9719-8162ee7ea805,1,29
Donald Soto,,1,29
Donald White,13fc8743-275c-4816-b1a1-5df58c55cd19,1,411
Donald White,,1,411
Donna Bowers,dfe4fe50-5fb8-460b-9137-7becb1190b35,1,193
Donna Bowers,,1,193
Donna Miller,15ae8529-3e89-4abc-9882-0d5bfa9cc510,1,66
Donna Miller,,1,66
Douglas Hendricks,73a52f91-58e2-4c70-b61c-7b12b37ca77d,1,960
Douglas Hendricks,,1,960
Dr. Alex Andrews,13fd0342-5765-498f-8a81-fa76eb93cba4,1,402
Dr. Alex Andrews,,1,402
Dr. David Poole MD,d0d5a921-3c68-40db-99cb-127a2ee914c5,1,633
Dr. David Poole MD,,1,633
Dr. Jessica Noble,6598c21a-1fcb-4df2-863b-2bb0b0965f91,1,444
Dr. Jessica Noble,,1,444
Dr. John Johnson,b4497be9-7ef2-48bc-a4c7-5a4fdc676071,1,138
Dr. John Johnson,,1,138
Dr. Joseph Lambert,ea520826-2f60-4597-8b08-13bd66a02a36,1,270
Dr. Joseph Lambert,,1,270
Dr. Matthew Schroeder MD,ce1140c8-5bfa-49ee-ba0e-202528619105,1,144
Dr. Matthew Schroeder MD,,1,144
Duane Lowe,059e4cc7-fe1d-4f7c-9040-b52c959391c2,1,80
Duane Lowe,,1,80
Dylan Cline,1c026ced-c5a1-477d-a8ca-f479e0105451,1,137
Dylan Cline,,1,137
Eddie Boyer,cd3137f9-19dd-48a5-8bdf-7a129d80c382,1,935
Eddie Boyer,,1,935
Edward Gibson MD,82944838-4768-4246-8864-90b5f4a50ef6,1,749
Edward Gibson MD,,1,749
Edward King,7e3961f1-66f3-462d-9c5f-215d8159e189,1,174
Edward King,,1,174
Edward Morgan,dd3cc35a-0e30-4655-a378-f676d22b6d13,1,107
Edward Morgan,,1,107
Elizabeth Cooper,10f416cd-c5fb-431e-ad75-31afc19f0614,1,18
Elizabeth Cooper,,1,18
Elizabeth Davis,54060984-cd22-414c-817f-ef84352053de,1,89
,e506d81d-6416-4978-98e6-f4ffd828b846,1,423
Elizabeth Davis,,2,512
Elizabeth Gordon,2ee01dcc-fba4-4f16-925f-b575d6324e0c,1,679
Elizabeth Gordon,,1,679
Elizabeth Kim,e76146f7-0c5d-4256-a4a6-22acf671ddad,1,93
Elizabeth Kim,,1,93
Elizabeth Lynch,88b1ef22-5cb7-456e-b8c9-4aaffdc9b2c0,1,401
Elizabeth Lynch,,1,401
Elizabeth Moody,70b5277b-6dcd-40ad-990e-61245b8f9ad9,1,37
Elizabeth Moody,,1,37
Elizabeth Perez,ac44bf6d-697c-4f1f-9441-4e0972ba3bdd,1,84
Elizabeth Perez,,1,84
Elizabeth Porter,928db6d3-c1bd-4cc9-8325-49db913c1a79,1,475
Elizabeth Porter,,1,475
Elizabeth Rose,7869b4e1-0d10-4874-acb8-65c55ec04e60,1,115
Elizabeth Rose,,1,115
Elizabeth Sheppard,30526c38-81c0-49dd-ae75-234acdd40cdd,1,43
Elizabeth Sheppard,,1,43
Ellen Elliott,a6f26ab7-7023-4b57-9a53-ed286ad9958b,1,426
Ellen Elliott,,1,426
Emily Greene,be20939e-2c18-4dbb-ba56-49b5833ffad1,1,442
Emily Greene,,1,442
Emily Klein,f85c2442-acaf-4b41-a165-482cbab32cac,1,39
Emily Klein,,1,39
Emily Morris,5424f502-8f1a-4508-a3a3-7709b13ccd37,1,627
Emily Morris,,1,627
Emily Nguyen,9c3669f6-b8ac-4333-90ae-339e2d17c662,1,89
Emily Nguyen,,1,89
Emily Taylor,631c872d-34af-4ad1-95a0-0a7be9b925dd,1,5
Emily Taylor,,1,5
Emily Tucker,0bd68c67-071c-46f3-b02d-08a642ff0add,1,182
Emily Tucker,,1,182
Emily Wilson,1985a879-a4ab-4999-a4cc-836d3e25d3cb,1,309
Emily Wilson,,1,309
Emma Andersen,193e8ce4-b049-4539-82a8-7ede893fcd81,1,99
Emma Andersen,,1,99
Eric Brown,e40c6eb2-f838-4d68-b414-102996ab358c,1,10
Eric Brown,,1,10
Eric Conner,a1f72f6e-0e7d-491f-9f27-728250494f3e,1,580
Eric Conner,,1,580
Eric Duncan,ce467314-c7f0-4c46-86ac-217818dab420,1,214
Eric Duncan,,1,214
Eric Ellis,0e93faa4-258c-4017-875f-8d8786b5d474,1,78
Eric Ellis,,1,78
Eric Ford,51aa36c6-3fc9-4c7e-9bc2-97b86a033eb3,1,179
Eric Ford,,1,179
Eric Watson,69377bbb-a3db-4fd6-9c15-2f3b44c369c4,1,272
Eric Watson,,1,272
Eric Wu,ad22c48f-a24c-4ca7-b56b-b497dd4996ec,1,448
Eric Wu,,1,448
Erik Holt,cba2cf11-2674-4aa2-98ba-b06723fac62b,1,530
Erik Holt,,1,530
Erika West,84e85ed8-2d15-4a52-a416-379b7ffe41d2,1,99
Erika West,,1,99
Erin Reid,9090d323-2b37-49db-9d60-fafea1767778,1,10
Erin Reid,,1,10
Ernest Jackson,950b39cb-2e64-4e75-a147-db8d5e113374,1,413
Ernest Jackson,,1,413
Evan Bray,f85f1b4e-cce5-46c1-8383-d3eff4db378a,1,195
Evan Bray,,1,195
Faith Floyd,05c68fe4-4241-4eff-9b06-d1d9a0115914,1,64
Faith Floyd,,1,64
Felicia Christensen,451e70a1-075b-4c0b-9db8-86823ef8adfc,1,590
Felicia Christensen,,1,590
Fernando Bowers,1941b018-a349-4a52-a279-e3490e0c429f,1,312
Fernando Bowers,,1,312
Frances Roach,89a13e55-f1dc-4475-8f52-58463b486faf,1,165
Frances Roach,,1,165
Frederick Pierce,d012c0c9-2dc7-4f66-9941-5b986b672e9b,1,255
Frederick Pierce,,1,255
Frederick Stanley,15d84af9-c939-4378-855f-9ab90f8cbc8a,1,4
Frederick Stanley,,1,4
Gabriel Taylor,891da42c-da06-4b8c-9326-401f15b1073d,1,96
Gabriel Taylor,,1,96
Gabriela Parker,3b51e17b-e8fc-460d-b106-752654079afa,1,138
Gabriela Parker,,1,138
Gail Powell,d3bfdfc4-4427-4b70-be3f-cb781890bd0d,1,59
Gail Powell,,1,59
Gary Allen,8a65b776-ac84-4de1-ae26-0cc34e5800e6,1,138
Gary Allen,,1,138
Gary Hanson,ceeb2c48-826f-49cb-a18c-7d961c924bc7,1,504
Gary Hanson,,1,504
Gary Harper,db337357-67f1-4afb-af14-a847db5ca5da,1,354
Gary Harper,,1,354
Gary Huber,ac7d8312-78dd-4e7b-80a0-7dc8a446305f,1,199
Gary Huber,,1,199
Gary Weber,3084dd67-8d0f-4398-8a20-147437526e72,1,866
Gary Weber,,1,866
Gary Wilson,b5c9eed9-7389-4853-894e-563b7e01bfbd,1,519
Gary Wilson,,1,519
George Anderson,04b71829-7099-42e0-b018-a7f89025b479,1,94
George Anderson,,1,94
George Bailey,c45b06b0-0f4e-4c42-8852-33db0207ae8e,1,937
George Bailey,,1,937
George Kim,8a411b21-8c7c-44f4-a5a6-f98f5b4f24f4,1,170
George Kim,,1,170
George Peters,60f2f70f-06b5-4e74-ae22-746bf8e15963,1,269
George Peters,,1,269
George Robbins,42e66cd0-868a-47e4-b5ee-e50e3854cf98,1,40
George Robbins,,1,40
Gerald Lewis,627b1526-912a-425d-9a11-61f1fbb8281a,1,371
Gerald Lewis,,1,371
Gina Cox,39c33e89-bed0-432c-9f56-236d5b735ce6,1,1
Gina Cox,,1,1
Gina Edwards,3e5b8bf1-5a02-43c6-b6f8-21a5aab8e936,1,97
Gina Edwards,,1,97
Grace Daniel,21ecf2b9-7c9e-44c6-953c-4064ca0870c5,1,433
Grace Daniel,,1,433
Grace Keith,e4852243-ddba-4a8b-b81e-c0b135d0a220,1,305
Grace Keith,,1,305
Grant Malone,7ddb65d5-c31e-403a-9eaf-7bfbecab2546,1,228
Grant Malone,,1,228
Gregory Dodson,ed954f89-ad00-4fba-b9eb-c7c4810e1d51,1,41
Gregory Dodson,,1,41
Gregory Flores,f6b01500-c188-4a42-959a-9213a9ff0213,1,309
Gregory Flores,,1,309
Hannah Francis,1346c3f9-7f93-4052-9743-b20ec4950392,1,404
Hannah Francis,,1,404
Hannah Thompson,f7e814dd-1508-48a9-a213-b332e85e57b7,1,170
Hannah Thompson,,1,170
Hannah Wright,cfb044ab-610d-4268-88f2-75044d19e564,1,82
Hannah Wright,,1,82
Heather Lee,aebb742d-440e-4a7d-b435-92a1665f3b9c,1,492
Heather Lee,,1,492
Heather Villa,e0949e4e-3387-4c64-8e53-d471a034c876,1,686
Heather Villa,,1,686
Heather Weiss,3e00a7ef-9db7-4177-b8b2-44621d33f59d,1,562
Heather Weiss,,1,562
Helen Solis,87fcf14d-6cbb-40b1-859d-f0b99463f131,1,196
Helen Solis,,1,196
Henry Morgan,1a70f58c-e959-4440-a219-fb0fe7d67b67,1,84
Henry Morgan,,1,84
Holly Mckenzie,98a879af-bd09-42e6-ac75-07b87df801d2,1,420
Holly Mckenzie,,1,420
Holly Willis,b21e8d97-5e5e-4940-ab31-83d5baf696ae,1,20
Holly Willis,,1,20
Howard Carroll,07f6287a-528e-40cb-9de7-e013db4723c3,1,89
Howard Carroll,,1,89
Ian Scott,bb5f4469-6625-4697-8771-58e648eb8a8d,1,240
Ian Scott,,1,240
Isabel Zimmerman,65d0bbf5-ca3b-406d-8058-1cd0aa924fb6,1,20
Isabel Zimmerman,,1,20
Isabella Wheeler,b1c738e0-15a9-4b42-9112-f16562bbd38a,1,656
Isabella Wheeler,,1,656
Jack Davis,ebc40315-c664-495f-abf6-7af63eef5ad3,1,107
Jack Davis,,1,107
Jack Smith,4bc6a1d5-296f-48de-b362-fc0302f981ac,1,48
Jack Smith,,1,48
Jack Ward,1170bef4-826a-4952-89e0-dbcc51b85367,1,378
Jack Ward,,1,378
Jaclyn Lowery,b8bdd475-a9f9-4215-a11a-f08362ba9b56,1,7
Jaclyn Lowery,,1,7
Jacob Barton,2651393b-e078-4fda-a224-f63eb6eb5bc1,1,417
Jacob Barton,,1,417
Jacob Copeland,4b778d50-42c0-41d9-abfa-d913ed635de9,1,287
Jacob Copeland,,1,287
Jacob Ferguson,eac47165-d7ac-4f6f-98a1-75c68b387c91,1,7
Jacob Ferguson,,1,7
Jacob Miller,38eb8434-c339-4659-8328-ce5b51a3235e,1,726
Jacob Miller,,1,726
Jacob Rocha,c827e207-8316-4714-b050-ecc996e62e48,1,38
Jacob Rocha,,1,38
Jacqueline Hill,3a4831d2-7810-4aab-848f-d4a99df4d40f,1,346
Jacqueline Hill,,1,346
Jacqueline Holmes,bbdf318a-3f63-4868-88bd-77dd4b52410e,1,880
Jacqueline Holmes,,1,880
Jacqueline Lopez,9b68240d-eea5-4b65-8ac9-77971539a48d,1,31
Jacqueline Lopez,,1,31
Jacqueline Ortiz,af4e50a6-252b-4fa5-bed4-d472678affd2,1,360
Jacqueline Ortiz,,1,360
Jaime Brown,21086a8f-8ebc-4735-ac29-87e184462116,1,334
Jaime Brown,,1,334
Jaime Myers,af4d6e2b-446c-4826-a79d-ea03114fe803,1,213
,d978694e-29ed-4670-8680-f65c3d8c002b,1,187
Jaime Myers,,2,400
Jaime Wilson,0263a34b-a747-4a2e-ba17-0605d58ad968,1,55
Jaime Wilson,,1,55
James Baker,2c8b8359-d8eb-46ec-89c7-5f20235ccd67,1,182
James Baker,,1,182
James Cross,f5decb61-967d-4514-a8e8-cbccc5615c00,1,62
James Cross,,1,62
James Davis,7c9e7a21-7945-4d1d-860c-b2b5aba16a5d,1,157
James Davis,,1,157
James Duke,89d598f6-61c7-4a69-8198-07f3ec524c4f,1,348
James Duke,,1,348
James Freeman,b87773fe-3d4e-4925-ac29-7e7509b7c46b,1,86
James Freeman,,1,86
James Garner,75beda1a-0ce9-4205-a1de-625f9f163ca5,1,507
James Garner,,1,507
James Hudson,3707082a-58e8-4d1b-a438-9319421571d7,1,52
James Hudson,,1,52
James Kelly,fcf3d33b-411e-4891-bbd2-1697c531fb46,1,136
James Kelly,,1,136
James Leblanc,0d9c0527-476e-41fb-b94a-ce3747951e28,1,670
James Leblanc,,1,670
James Lopez,827c2f9a-be2f-42ac-9ead-aa39f9f08540,1,546
James Lopez,,1,546
James Martin,0c494065-f0e9-4145-bb02-438cbdef7f5e,1,405
James Martin,,1,405
James Morgan,335d45bc-91c1-4ced-a9f3-d1d43a38c4d6,1,49
James Morgan,,1,49
James Murphy,170eb8ba-9715-470d-83ae-23067bb390bc,1,518
James Murphy,,1,518
James Navarro,c1c620a3-476c-4483-9b0c-212a1deb0809,1,112
James Navarro,,1,112
James Robinson,e59137f6-26a0-46f0-ae2a-2d7770ff1ad8,1,201
James Robinson,,1,201
James Stokes,d035a453-3390-4d43-86c6-d9731b9d700e,1,233
James Stokes,,1,233
James Sullivan,3accae7b-cde5-40b9-a4c6-d3c694084c54,1,151
James Sullivan,,1,151
James Tanner,af138274-a737-49f7-bc1f-5eac54ec8b12,1,523
James Tanner,,1,523
James Taylor,7d1fbeeb-b84c-4679-8d42-036cc26db1b0,1,467
James Taylor,,1,467
Jamie Manning,f78d0576-638f-4c93-807f-5175b1fc825a,1,407
Jamie Manning,,1,407
Jamie Ramirez,340cf747-05f9-40a2-b2e0-fd5c6007153c,1,273
Jamie Ramirez,,1,273
Jamie Rasmussen,59e5d151-5a7b-4b6b-b378-ab7cb979288f,1,29
Jamie Rasmussen,,1,29
Jamie Wallace,a593b218-63bb-4a68-9cb4-37f3f5d6afb7,1,340
Jamie Wallace,,1,340
Janet Clark,1c1ce2b4-662c-46cc-9651-3d281c04ba06,1,394
Janet Clark,,1,394
Janet Garcia,2777d00b-df8b-416b-85c1-2aac2e2c5865,1,315
Janet Garcia,,1,315
Janet Jones,f9b7a86a-bfaa-447d-a72e-d71211bb8514,1,243
Janet Jones,,1,243
Janet Robinson,989fa1f5-7b81-4a7f-8e95-abbd4fc239b2,1,424
Janet Robinson,,1,424
Janet Taylor,46bc36c8-d759-487b-8eb7-ee32ec2f0b35,1,350
Janet Taylor,,1,350
Janice Gardner,714e6429-29d3-466d-9a63-cbd7aac9906a,1,7
Janice Gardner,,1,7
Jared Montgomery,f5a97d0a-eba7-474d-9237-136297b4db02,1,141
Jared Montgomery,,1,141
Jason Austin,b5927a97-328b-41d5-a557-30379976de68,1,319
Jason Austin,,1,319
Jason Rodriguez,446036a3-6ecf-4882-8139-ad9621308077,1,546
Jason Rodriguez,,1,546
Jason Simmons,78df18e1-532a-4480-84df-34cde8afc907,1,368
Jason Simmons,,1,368
Jason Smith,1ecbcce3-ffcb-4423-89a8-ce2a33dab39c,1,273
Jason Smith,,1,273
Jason Woodward,488d68d8-5754-469b-aa0c-e784013f63d2,1,450
Jason Woodward,,1,450
Jeff Jones,59b705cf-bca1-41d1-a070-4f7d06cbc9ae,1,224
Jeff Jones,,1,224
Jeffery Torres,dbb28386-9c2d-4432-8e98-ff353a0e6bce,1,218
Jeffery Torres,,1,218
Jeffrey Hayes,9561fb3f-61dc-495f-a975-29613cfdf835,1,62
Jeffrey Hayes,,1,62
Jenna Johnson,5da9c6d2-7341-452f-8057-1db58f1961bb,1,394
Jenna Johnson,,1,394
Jennifer Baker,9e048c51-5b4c-49ca-a7d0-ad07ab8156ab,1,454
Jennifer Baker,,1,454
Jennifer Bentley,9feb3fcd-ee97-4a2c-8e41-92c72c5de805,1,38
Jennifer Bentley,,1,38
Jennifer Cisneros,fe9f6495-7b30-4c3f-a3ca-f04ccd8a2d24,1,630
Jennifer Cisneros,,1,630
Jennifer Clayton,2827b64d-8669-4f2c-93ce-d881e8bdd429,1,867
Jennifer Clayton,,1,867
Jennifer Douglas,3f8df389-0973-4209-b429-aa68f82b9667,1,197
Jennifer Douglas,,1,197
Jennifer Hill,368ddc09-a0a6-4c07-ac29-452dac32095b,1,271
Jennifer Hill,,1,271
Jennifer Jacobson,285bd430-4b8e-409a-af1a-86a180f3de48,1,60
Jennifer Jacobson,,1,60
Jennifer King,bc11633e-d3c2-48b3-adb2-3ad55155a959,1,285
Jennifer King,,1,285
Jennifer Knox,24d3e976-bd34-4664-97ed-20b4764d9c4f,1,175
Jennifer Knox,,1,175
Jennifer Mann,5852d5c7-6356-4b24-b145-748dd5b0ef2a,1,453
Jennifer Mann,,1,453
Jennifer Mcconnell,b0fc7263-8381-431d-b323-ea72f6180b27,1,16
Jennifer Mcconnell,,1,16
Jennifer Navarro,fb923b85-579e-4900-9882-e1f5637a0e8b,1,13
Jennifer Navarro,,1,13
Jennifer Pearson,00ded1c5-b903-457d-978d-c0c65f71673b,1,118
Jennifer Pearson,,1,118
Jennifer Pena,e405a553-02e7-4996-a7c4-cd896285adf3,1,97
Jennifer Pena,,1,97
Jennifer Powell,8937dab7-0ad1-4537-8606-0bcee404f26d,1,135
Jennifer Powell,,1,135
Jennifer Santos,e30ce124-2315-4e7a-bf90-7138fae37986,1,395
Jennifer Santos,,1,395
Jennifer Sawyer,7c5afdbc-e41c-470b-9f04-1442b23b5e91,1,290
Jennifer Sawyer,,1,290
Jennifer Sims,b5d2bee7-861b-4f24-90c3-f3f4a56592a8,1,343
Jennifer Sims,,1,343
Jennifer Taylor,114da591-72a2-4c45-b750-ecc86faaa1c4,1,413
Jennifer Taylor,,1,413
Jennifer Torres,f8986b2a-4a01-4eef-a609-251aa4955905,1,154
Jennifer Torres,,1,154
Jennifer Wheeler,4447af0a-8f41-4e5c-ad9b-9105aad63d05,1,234
Jennifer Wheeler,,1,234
Jennifer Williams,56f8274f-c051-4d59-a324-dd472ac6cb8f,1,70
Jennifer Williams,,1,70
Jeremiah Flynn,935bb976-7142-437b-861a-442cc0776293,1,572
Jeremiah Flynn,,1,572
Jeremy Clark,7f41a478-096e-4822-9c52-1657b166ceea,1,36
Jeremy Clark,,1,36
Jeremy Flores,143567e4-bf45-4638-84ce-0bab249c7e74,1,848
Jeremy Flores,,1,848
Jeremy Jimenez,5cbde845-2ed9-4ba8-b7a3-08149c134237,1,133
Jeremy Jimenez,,1,133
Jesse Baker,0772329e-4e30-4325-8ed5-3d8a0d8e0e1b,1,150
,610f7225-83b9-4470-b78c-328ca9b559f7,1,52
Jesse Baker,,2,202
Jesse Jones,3159786f-2748-4801-9d1a-9162719d37ad,1,23
Jesse Jones,,1,23
Jessica Clark,6da2f6d2-d23c-4572-af29-bcb67110a09d,1,11
Jessica Clark,,1,11
Jessica Coleman,1e699279-590d-413c-ac46-bc399ef4d9f8,1,210
Jessica Coleman,,1,210
Jessica Hunter,d16cf31a-39c0-44b1-9a35-9aed0ecec13e,1,637
Jessica Hunter,,1,637
Jessica Johnson,db76a348-0c4a-4ec4-98c8-b93e37c84d62,1,353
Jessica Johnson,,1,353
Jessica Martinez,8c0d03ff-faf3-42ff-bc56-52711e0e61a6,1,21
Jessica Martinez,,1,21
Jessica Nelson,e3969b4e-1015-4255-83e4-bc61d72848f0,1,48
Jessica Nelson,,1,48
Jessica Robbins,208162bf-1168-446b-a806-23a0f5746cd4,1,82
Jessica Robbins,,1,82
Jessica Stewart,d965f187-3011-4e81-91f7-144550cbd1f2,1,156
Jessica Stewart,,1,156
Jessica Weaver,2fafd5c0-6568-4b19-a72e-3321b18c2471,1,165
Jessica Weaver,,1,165
Jill Dennis,58e666af-42d8-4fe6-9042-052ea3ca46dc,1,309
Jill Dennis,,1,309
Jill Murray,a31e243a-e7b0-431e-b988-5d9850051dff,1,159
Jill Murray,,1,159
Jillian Powers,f8b2b9e7-f70f-4a3b-ab27-beb0d5d58463,1,204
Jillian Powers,,1,204
Jo Salazar,ae847895-4c73-4a8b-84f5-7c1f45826dd6,1,298
Jo Salazar,,1,298
Joanna Atkins,5764f8eb-19f5-4ef5-a5d3-6e6db5d696c5,1,169
Joanna Atkins,,1,169
Joe Ayers,5360162f-4b91-48ef-abea-ecf66bddc803,1,193
Joe Ayers,,1,193
Joel Phillips,d0de2155-dc90-468b-851b-3de1afee42e8,1,281
Joel Phillips,,1,281
Joel Stewart,8ab38549-706c-48a9-9370-eb8a13fc099c,1,124
Joel Stewart,,1,124
John Adams,9d69e6d0-f708-4cd6-a168-97b73910d07c,1,39
John Adams,,1,39
John Bryant,2b63752e-02e8-4e9b-93bb-f069a2a6cce4,1,104
John Bryant,,1,104
John Dennis,2250831c-f19c-4a7a-916e-7c77fddd4cc9,1,290
John Dennis,,1,290
John Fuller,89a0d836-079d-41bf-a8ef-f26b3f30c1f8,1,203
John Fuller,,1,203
John Jackson,02c811f4-62f9-484d-be01-f0c873484420,1,673
John Jackson,,1,673
John Lang,4c0c2319-6386-41b0-badd-22d2986ce2d4,1,40
John Lang,,1,40
John Morales,869a327b-b06c-4eee-84a9-08a4efc09045,1,19
John Morales,,1,19
John Ortiz,991ea933-890a-4b31-83bd-9c770f828753,1,1
John Ortiz,,1,1
John Reed PhD,86218448-6113-41ac-a02e-ceb6a40e2eb9,1,227
John Reed PhD,,1,227
John Robertson,4ced6f73-27f6-4f1e-bbc9-d2e6ac27b44b,1,138
John Robertson,,1,138
John Rogers,9d681712-6aa6-4471-b2a3-c9500ff7205f,1,35
John Rogers,,1,35
John Sanchez,8cfbf5aa-108b-47f3-8d99-94950c4f8509,1,71
John Sanchez,,1,71
John Singh,a8c60241-03c3-496d-87fc-425e6ad26a77,1,380
John Singh,,1,380
John Snyder II,832ab464-72b5-4601-8792-c61188e1943c,1,393
John Snyder II,,1,393
John Williams,198747f7-9c41-48ed-9481-a2ff1ade12cf,1,80
John Williams,,1,80
Johnny Kim,205dfc38-41bf-47f1-91c6-a41714d3d3cf,1,421
Johnny Kim,,1,421
Johnny Small,c0d5ba9c-cd85-4582-8d8d-17902aa2da29,1,20
Johnny Small,,1,20
Jon Anderson,c73901e4-bb44-44f3-a5f5-4b7a57cf0d27,1,494
Jon Anderson,,1,494
Jonathan Edwards,28ca5712-828f-40ec-8250-306ae56694fc,1,1
Jonathan Edwards,,1,1
Jonathan Friedman,c6e9aa6e-ae48-4ee5-81e8-73bd450497ab,1,46
Jonathan Friedman,,1,46
Jonathan Miller,311c480e-5f4a-4173-9a1c-42eb0aa15e96,1,86
Jonathan Miller,,1,86
Jonathan Morales,38295816-d357-4e9a-9974-f09ea61427f4,1,385
Jonathan Morales,,1,385
Jonathan White,40f9cca6-7564-4008-b225-6fda1ccdc915,1,52
Jonathan White,,1,52
Jonathan Williams,8cc9908b-8032-4008-813c-a235b317067d,1,11
Jonathan Williams,,1,11
Jordan Crawford,67abb9db-ec00-455d-83b0-39e2619d5731,1,721
Jordan Crawford,,1,721
Jordan Fisher PhD,a0fe97aa-aa2a-4b12-824b-cb11d702951f,1,301
Jordan Fisher PhD,,1,301
Jordan Hernandez,dc833730-f66e-494f-ad06-e498c15d8f17,1,796
Jordan Hernandez,,1,796
Jorge Floyd,2b362483-f57e-4389-9b5b-2b2048acf71a,1,44
Jorge Floyd,,1,44
Jose Murphy,bd90dca2-15d6-4fdb-8200-262695375aeb,1,753
Jose Murphy,,1,753
Joseph Brown,d1901e4f-33d1-44e6-9162-e9edafe66929,1,536
Joseph Brown,,1,536
Joseph Cohen,78d06ed6-0ec4-4d8d-ae28-9bf3846bdec3,1,78
Joseph Cohen,,1,78
Joseph Cook,1c71b21f-965e-4c4d-846c-df50dd65e1f3,1,16
Joseph Cook,,1,16
Joseph Dudley,739fd677-15ca-43a2-89ac-5b3c1b69b913,1,19
Joseph Dudley,,1,19
Joseph Farmer,a3d3ba76-9608-4401-af44-f5ffdd7a57ea,1,70
Joseph Farmer,,1,70
Joseph Taylor,d48b4905-7ca8-4d70-b205-372d5c914585,1,658
Joseph Taylor,,1,658
Joseph Terry,fb649681-6653-453d-851c-221436b332ae,1,94
Joseph Terry,,1,94
Joseph Wilkins,1238f3ff-e0aa-4e8b-baf1-14a0da4eb265,1,334
Joseph Wilkins,,1,334
Joseph Wilson,5701229d-90bc-43f2-b25f-626d18a39c7a,1,15
Joseph Wilson,,1,15
Joshua Flores,d0568202-20d0-4459-b651-d30682ef61ce,1,396
Joshua Flores,,1,396
Joshua Gordon,68d5c949-773f-46ac-943f-15a2abfdbef6,1,307
Joshua Gordon,,1,307
Joshua Graham,ce5ae323-f035-4d5f-9568-1ee1b1e9d61c,1,183
Joshua Graham,,1,183
Joshua Martinez,afc752bb-9f41-4a63-9889-ba6276a6eb17,1,323
Joshua Martinez,,1,323
Joshua Nguyen,06e315c6-4fdc-4125-b5b7-234bafffe0eb,1,107
Joshua Nguyen,,1,107
Joshua Schwartz,70b1749c-749e-4e26-89a3-99c0e50e8632,1,73
Joshua Schwartz,,1,73
Joshua Wright,34431781-a4c9-41c1-a59a-2b518bb06f59,1,184
Joshua Wright,,1,184
Joy Williams,16713535-ba27-4b64-9a91-f8e92376211d,1,134
Joy Williams,,1,134
Juan Johnson,628bad5f-3fa3-42d1-82df-26c2d43b93dd,1,386
Juan Johnson,,1,386
Juan York,4a1b2547-f858-4780-a946-bd5d63d25aca,1,553
Juan York,,1,553
Judy Ruiz,db921935-c510-4cf6-bdb8-60ee93d94a68,1,156
Judy Ruiz,,1,156
Julia Castillo,e2c5ec1e-da6c-4241-b3bb-4f112f049634,1,202
Julia Castillo,,1,202
Julia Yates,121015e9-98a8-4382-94f4-c4f675357703,1,62
Julia Yates,,1,62
Julie Diaz,16089a59-c993-4708-9d80-941c60cad501,1,17
Julie Diaz,,1,17
Julie Hall,cfcf9dd6-67bf-451e-8438-2c89636ffcca,1,158
Julie Hall,,1,158
Julie Ingram,5026e301-0a04-4fcb-9afd-dda6db1f7f19,1,71
Julie Ingram,,1,71
Julie Watson,e99b15a3-f1f2-4d77-831f-3ef34517b160,1,59
Julie Watson,,1,59
Julie Wiley,f8e596d7-7f04-4ad8-8248-361349bc6cb8,1,576
Julie Wiley,,1,576
Justin Brown,a866f5d1-adce-423c-bb53-07fc4c8f2f67,1,247
Justin Brown,,1,247
Justin Davenport DDS,71d2d7c6-3565-4f11-a199-7120a278e58a,1,198
Justin Davenport DDS,,1,198
Justin Dunn,ccece031-756f-48a9-b704-124b7827b93b,1,779
Justin Dunn,,1,779
Justin West,b5badb41-d7cc-4cdd-96b2-8ad87685f0da,1,92
Justin West,,1,92
Kaitlyn Dougherty,7c2c1a0a-a4cd-4e34-954f-d46c1223a57a,1,133
Kaitlyn Dougherty,,1,133
Karen Alexander,d104f9fa-cbc3-45d6-a09a-622eedd7c69d,1,85
Karen Alexander,,1,85
Karen Bradshaw,351ce6d2-63a2-4741-aec8-3324c6ef9179,1,296
Karen Bradshaw,,1,296
Karen Jarvis,6d083b3c-dd6d-4b3c-b517-cdc4a3723ed9,1,416
Karen Jarvis,,1,416
Karen Peterson,311666b9-4a02-4fe2-a994-d279a2d275df,1,523
Karen Peterson,,1,523
Karen Ramos,c124f78e-648b-4c24-b9ac-847f42cbb753,1,172
Karen Ramos,,1,172
Kari Hayes,0423e85a-f9a3-4724-b11c-6af5640c7aa3,1,378
Kari Hayes,,1,378
Karina Russell,6c438c1b-7a61-4efb-94ab-691bfbd09972,1,127
Karina Russell,,1,127
Karl Armstrong,f86e5505-21d7-448f-82bc-65bf1b30643f,1,43
Karl Armstrong,,1,43
Katelyn Rodriguez,d910d093-af81-4015-9c92-2918aa364fb8,1,820
Katelyn Rodriguez,,1,820
Katherine Harrison,ca89acd9-1358-42b1-b196-31e872e32129,1,285
Katherine Harrison,,1,285
Kathleen Nash,c5a2db3b-bf91-4f95-b10d-3465f6df8a6f,1,362
Kathleen Nash,,1,362
Kathleen Obrien,cc4d78a1-c0e9-455d-8fc3-72ff7160f67d,1,399
Kathleen Obrien,,1,399
Kathleen Price,530b4fab-73b1-4068-85aa-25b85e82cf06,1,236
Kathleen Price,,1,236
Kathryn Acosta,b7bb188d-1b74-4b7e-a3e2-6b1778a1c379,1,820
Kathryn Acosta,,1,820
Kathryn Peck,ae73254c-01c6-409f-99b1-8f96af3055bd,1,20
Kathryn Peck,,1,20
Kathryn Reed,c0008883-a8fa-4b3d-97c6-6c00c672bcd4,1,407
Kathryn Reed,,1,407
Kathy Hernandez,4bcfa2b9-0aa9-459e-94e6-8d85ef189cee,1,63
Kathy Hernandez,,1,63
Kathy Jones,ed0ff6c4-abfb-4cac-9a15-3af722156250,1,38
Kathy Jones,,1,38
Katie Curry,7a25392f-39e2-4205-b919-9910c76fe415,1,869
Katie Curry,,1,869
Katrina Jackson,2aa8211c-273b-4e96-a581-b48ad9ea5231,1,25
Katrina Jackson,,1,25
Kayla Henry,4cdec1b2-7a8a-4e3b-901f-00cb7dc53d73,1,138
Kayla Henry,,1,138
Kayla Mckenzie,a742ce35-24cf-4b19-b700-5a84e8822574,1,39
Kayla Mckenzie,,1,39
Kayla Ramos,4cadeb0a-af99-4ae2-85e0-b0342dfc4c72,1,496
Kayla Ramos,,1,496
Keith Davis,13267f00-f67a-4c77-b904-a53a444b0807,1,58
Keith Davis,,1,58
Keith Duffy,55a50c88-4bd4-4825-855c-0ecbfeb7a80f,1,358
Keith Duffy,,1,358
Keith Turner,25b2707c-37eb-42aa-892e-2028780996b6,1,40
Keith Turner,,1,40
Kelli Garcia,ceed5331-4e8c-4785-ac96-ab409b3cf10e,1,623
Kelli Garcia,,1,623
Kelly Brown,d6aea279-ea3b-4839-8702-8d160be9748b,1,67
Kelly Brown,,1,67
Kelly Lloyd MD,209e4d1d-32b3-4a05-9d0e-7ee9690f655b,1,179
Kelly Lloyd MD,,1,179
Kelly Mora,9e87c246-d5cb-4b07-9398-51a165fc2a59,1,776
Kelly Mora,,1,776
Kelly Rodgers,40520ade-2282-4c68-bce0-7aea70cf9e83,1,13
Kelly Rodgers,,1,13
Kelly White,0cf28798-59ea-467c-a7bb-21a0376592ab,1,25
Kelly White,,1,25
Kelsey Briggs,73d10394-f076-4533-b5dd-1e43c6f266e5,1,629
Kelsey Briggs,,1,629
Kenneth Clark,3e0432a9-4b93-43c2-8a59-4949e4475527,1,312
Kenneth Clark,,1,312
Kenneth Hinton,4462c5a4-e3d8-464d-a28d-ea67cf8700f4,1,449
Kenneth Hinton,,1,449
Kenneth Lewis,f90a0eea-42eb-40dd-a5a4-a375e76504d3,1,866
Kenneth Lewis,,1,866
Kenneth Porter,d82961fa-412c-4034-a260-e1ecee939432,1,625
Kenneth Porter,,1,625
Kevin Estes,0c5b1c37-ac26-4105-bfe5-2610f5e2a7cd,1,79
Kevin Estes,,1,79
Kevin Garcia,d0015779-244a-4841-91c6-e9db4008c45a,1,46
Kevin Garcia,,1,46
Kevin Hicks,6843ebcf-509a-4b29-ab79-d3916ed4722b,1,143
Kevin Hicks,,1,143
Kevin Kemp,5aefb1f3-23ed-4f28-9d89-7fa676f14199,1,419
Kevin Kemp,,1,419
Kevin Norton,f68046b7-eaec-4e5e-a2e1-547af126857e,1,902
Kevin Norton,,1,902
Kevin Oconnor,add93e11-3334-4e31-a9e8-6f26da173605,1,28
Kevin Oconnor,,1,28
Kevin Reeves,464341d5-31dc-413f-9cc6-a776146f0bc6,1,828
Kevin Reeves,,1,828
Kim Cantu,7e03c947-2ae2-4819-b29e-3285b46368a8,1,426
Kim Cantu,,1,426
Kimberly Blankenship,d051b7ec-ef83-4645-96bc-54b52d259ba9,1,317
Kimberly Blankenship,,1,317
Kimberly Garcia,25949933-a12c-4d98-9ac9-e84fefbacc15,1,2
Kimberly Garcia,,1,2
Kimberly Hayes,9df3bff4-0eb1-4f90-b624-b791774349c7,1,450
Kimberly Hayes,,1,450
Kimberly King,f3a4af10-af6d-4e45-af1a-64e89dfe3adb,1,239
Kimberly King,,1,239
Kimberly Mcdonald,1a575a37-c362-4b2b-9050-86dd739e1d33,1,177
Kimberly Mcdonald,,1,177
Kimberly Mcpherson,fdc706fc-9134-4e52-b857-1f29e5b84b31,1,33
Kimberly Mcpherson,,1,33
Kimberly Patel,ab3f26ff-719a-4ade-b884-04b0d0f032cf,1,60
Kimberly Patel,,1,60
Krista Melendez,0b520bb4-9a80-4d89-a426-356dc0958662,1,178
Krista Melendez,,1,178
Kristen Grant,a11775a1-5cb7-40ac-92d2-2e8805159acd,1,388
Kristen Grant,,1,388
Kristin Roberson,94185ed1-2e04-44d6-9582-87b07fe91666,1,182
Kristin Roberson,,1,182
Kristine Johnson,04488b00-a5b1-42fe-915e-9b6545a98503,1,373
Kristine Johnson,,1,373
Kristy Miller,c1204ef6-664a-457d-8aed-fb7b344ee7e2,1,446
Kristy Miller,,1,446
Kristy Sanchez,a00d7441-4ab1-4f78-9f30-5b2742993ea3,1,231
Kristy Sanchez,,1,231
Kristy Scott,58f5ae2f-ce9c-4e7d-9256-d67cd2c0fafc,1,166
Kristy Scott,,1,166
Krystal Beck,a605dcda-9009-4866-adf8-81cd923ec4f6,1,730
Krystal Beck,,1,730
Krystal Vang,0c8236cc-137b-4285-b38d-12a766e1cca0,1,238
Krystal Vang,,1,238
Kyle Scott,9eeba210-ff14-493f-bded-6a2a55b96dc6,1,164
Kyle Scott,,1,164
Kylie Doyle,a4fa9051-13a1-426e-8d2d-62bfa8b8185d,1,79
Kylie Doyle,,1,79
Larry Bishop,a7f4ab00-3ae1-4d78-9d04-f9f95bb34955,1,514
Larry Bishop,,1,514
Larry Davis,16025abf-aa4a-42d1-bebe-3fc962268c75,1,232
Larry Davis,,1,232
Larry Robinson,16585bbd-b847-487d-98bf-ef03db3f1c16,1,43
Larry Robinson,,1,43
Larry Wood,ffda0c77-ba21-4fae-a3e6-5fa7def3b5fa,1,407
Larry Wood,,1,407
Laura Bridges,4f0625db-5117-4b30-912e-aa010e166083,1,248
Laura Bridges,,1,248
Laura Howard,8ee1a39f-70c2-49c1-86cb-cc4a57932c72,1,186
Laura Howard,,1,186
Laura Jones,2d301037-808b-40c1-9a95-1bc0bfa7a686,1,78
Laura Jones,,1,78
Laura Lam,25ea9c31-71ff-4c13-bfe5-3827dd2c9f25,1,211
Laura Lam,,1,211
Laura Little,1c7e0d9d-3bcb-4fcc-87f7-62c823ffe448,1,78
Laura Little,,1,78
Laura Lopez,81edf097-b43c-4ab9-bd00-868f1e175275,1,424
Laura Lopez,,1,424
Laura Richards,1dfbb005-2ec1-46d8-99e7-4796d9978249,1,93
Laura Richards,,1,93
Laura Richardson DVM,c2d9ad65-3df6-4320-a3de-582097e2971c,1,244
Laura Richardson DVM,,1,244
Laura Roberson,73868185-06ff-4c5c-aff5-fb1386290ca6,1,439
Laura Roberson,,1,439
Laura Roberts,4165e241-b8dc-40cc-8bae-ae5e16ac05ba,1,729
Laura Roberts,,1,729
Laura Rodriguez,690a95de-e722-47a7-8923-2e2ae981b850,1,710
Laura Rodriguez,,1,710
Laura Webb,63e5f135-c6e9-4428-b662-eee043f59483,1,218
Laura Webb,,1,218
Lauren Barron,687304f1-0054-4fb3-b7fb-e60d394936f6,1,77
Lauren Barron,,1,77
Lauren Hunter,953cb5a2-ae63-4166-9dcc-bf6a844f0deb,1,114
Lauren Hunter,,1,114
Laurie Avila,897fd350-ef54-4b73-b62c-640ec3fe0b8b,1,167
Laurie Avila,,1,167
Lawrence Goodman,b1b55504-6af0-41c6-91c1-a4c161393bc3,1,101
Lawrence Goodman,,1,101
Leah Sanchez,78bae7f2-348f-482d-a69b-71447e1d67ba,1,68
Leah Sanchez,,1,68
Leroy Cunningham,b2cd0718-e368-410d-aa1b-3ebd28dbaba6,1,696
Leroy Cunningham,,1,696
Leslie Allen,ebfcc02e-3109-429a-820e-de5f94a16c3f,1,864
Leslie Allen,,1,864
Leslie Ford,eb65b4ef-caa1-4c9e-b659-b8a86e002b22,1,74
Leslie Ford,,1,74
Leslie Johnson,8067a50a-bdc7-4c1e-93c1-b1b48d5384fa,1,29
Leslie Johnson,,1,29
Leslie Morton,cdc234a3-3baf-4924-888a-75a3a4aa3321,1,313
Leslie Morton,,1,313
Linda Martinez,631d4fad-29f6-42fc-aecc-ce923e3ddddb,1,390
Linda Martinez,,1,390
Lindsay Ray,68ddf07a-17ad-4c0f-a370-ecb21ceb6638,1,56
Lindsay Ray,,1,56
Lindsey Woodard,6fd08852-3590-4a58-aa60-7b21f1ad66e7,1,174
Lindsey Woodard,,1,174
Lisa Berger,25bf9f3e-3dc4-4a46-ae4d-413830f095d9,1,13
Lisa Berger,,1,13
Lisa Pratt,b7250863-790a-4a07-a964-695abdbf72f7,1,168
Lisa Pratt,,1,168
Lisa Rivera,5eec309c-9d01-49c7-b27a-ad9cf59d43e5,1,326
,73973bdd-7425-4532-93b1-2be2831ec653,1,163
Lisa Rivera,,2,489
Lisa Torres,9a54620d-d83a-4984-af3b-a09cbe092635,1,25
Lisa Torres,,1,25
Logan Cummings,e02e3cfb-baac-4a03-bc0d-d505d535a1b2,1,25
Logan Cummings,,1,25
Logan Harrison,4c22e4f5-31dc-403e-9bc8-e38232d7221d,1,232
Logan Harrison,,1,232
Lori Moss,d7895e6a-8538-4dd4-80fb-5c04c6a9eb67,1,711
Lori Moss,,1,711
Lori Smith,78d59009-b1a8-4357-a450-9d7f7cffa452,1,572
Lori Smith,,1,572
Lucas Bates,341fadcf-793d-42a0-9a5e-194022e5b06d,1,1
Lucas Bates,,1,1
Lucas Mooney,ee319f40-3ca8-411b-a5df-f47bccfacdb5,1,487
Lucas Mooney,,1,487
Luis Johnson,cca0d7ee-a666-4710-800c-415ee04ae5ca,1,223
Luis Johnson,,1,223
Lydia Mathis,dbc52afa-73a3-4bb2-8c24-bcdbca03d6bb,1,72
Lydia Mathis,,1,72
Lynn Bailey,12d71ee0-88b5-4ba5-b27d-a081a00cbf73,1,169
Lynn Bailey,,1,169
Lynn Calhoun,1df3b345-4173-433a-a5ef-bc7c0cd88587,1,511
Lynn Calhoun,,1,511
Lynn Howard,db0eeeed-3207-450b-bafc-f7727ba5d0f4,1,40
Lynn Howard,,1,40
Lynn Vasquez,95058fda-946a-49b1-9b0b-23ff13a13dae,1,124
Lynn Vasquez,,1,124
Mallory Cox,5a0e7760-9d4d-4999-bd38-a97bcb6c1ddf,1,539
Mallory Cox,,1,539
Marc Johnson,94f25d0e-753c-417b-9615-e06cf238d91f,1,79
Marc Johnson,,1,79
Marcus Calderon DDS,dba1e9ec-0f0a-4e23-b013-16a3ab95467a,1,101
Marcus Calderon DDS,,1,101
Margaret Foster,0503548c-75bf-44c4-840f-8abf311a004c,1,4
Margaret Foster,,1,4
Maria Atkins,a4efd6aa-4907-4e9e-a3cc-473169af0644,1,60
Maria Atkins,,1,60
Maria Burns,7f1bb2f7-5e37-4a94-aa0c-c97c59de560a,1,519
Maria Burns,,1,519
Maria Carr,5b99f66b-d1e7-400a-98d6-7032b956ecef,1,848
Maria Carr,,1,848
Maria Howard,6f687741-9ef5-42be-b936-e1a323d119b1,1,74
Maria Howard,,1,74
Mariah Daniels,83efdf58-9978-4e09-be12-90f25e3f0e6e,1,200
Mariah Daniels,,1,200
Mariah Park DDS,1b858463-c2a7-49b5-a3c7-3c0d92c960ad,1,199
Mariah Park DDS,,1,199
Mario Olson,3da7828d-4a63-45c8-9981-f5bfbd43cb3b,1,13
Mario Olson,,1,13
Mark Cobb,59eda1e9-a659-4ae0-a0db-21f49b43e451,1,198
Mark Cobb,,1,198
Mark Dillon,3e2176ec-b85b-4abc-9da9-cd0531e90119,1,136
Mark Dillon,,1,136
Mark Gonzalez,168e41bd-4fb1-4918-98a8-617201beddd3,1,349
Mark Gonzalez,,1,349
Mark Hamilton,b7884d5c-3d94-444a-8db1-b8969a6b1b34,1,65
Mark Hamilton,,1,65
Mark Higgins,4d16e9d4-ad88-4e9d-9491-7773958eeeaa,1,60
Mark Higgins,,1,60
Mark Mann,7ae842fe-634e-4c22-a39a-42ae73cddf22,1,191
Mark Mann,,1,191
Mark Martin,af065a9b-2cb2-4542-aff4-7fc80b440afc,1,17
Mark Martin,,1,17
Mark Miller,09ce8635-f2d2-4b3e-a684-00f723dd6def,1,185
Mark Miller,,1,185
Mark Schwartz,3eb5b136-8fc8-4e6f-b813-b40fb9fbef08,1,546
Mark Schwartz,,1,546
Mark Walters,f5dbe271-f159-4e1b-a844-10c5c0db0c20,1,374
Mark Walters,,1,374
Martha Briggs,a294408f-8ff5-4797-8d55-c617897942ac,1,343
Martha Briggs,,1,343
Martin Smith,8fb23e35-4b3c-4a60-bc10-aa2d779d208a,1,17
Martin Smith,,1,17
Mary Bell,99b7d359-9506-41b0-845a-1ae490d4e668,1,594
Mary Bell,,1,594
Mary Harper,1de4bfb9-c457-478f-b4de-c335771c015b,1,31
Mary Harper,,1,31
Mary Parker,dba9db35-ba22-4b2b-ab12-100c318c9f06,1,811
Mary Parker,,1,811
Mary Pope,7e7b8a0c-e673-4a5a-9052-f4a7acd8040a,1,138
Mary Pope,,1,138
Mary Rogers,dfbbec7e-7d2b-4af4-b042-290dd20ad3f4,1,342
Mary Rogers,,1,342
Mary Sanchez,18f68db9-1494-4ded-95de-eea1fee91dfc,1,362
Mary Sanchez,,1,362
Mary Smith,8bf7e767-89f5-4351-aa6e-c86b4a92037f,1,27
Mary Smith,,1,27
Mary Wheeler,942a2ee9-be55-44ae-a42c-e5ec1823d660,1,447
Mary Wheeler,,1,447
Mary Williamson,920f1ea6-faf0-4d40-b774-0d5bd28ade29,1,361
Mary Williamson,,1,361
Matthew Adams,084a098d-ae1a-49d4-839b-2a32f219c073,1,43
,aa4e4d84-e69c-418d-a020-0fc338891a3c,1,171
Matthew Adams,,2,214
Matthew Collins,f8c99068-35e7-4b52-b441-69bcfbb9ea1e,1,3
Matthew Collins,,1,3
Matthew Day,6a5d99d8-32a2-469b-a13a-8acb9b34ef2e,1,155
Matthew Day,,1,155
Matthew Fields,e5510180-ee44-4c48-af3e-78ce09c41b12,1,721
Matthew Fields,,1,721
Matthew Skinner,845c3dfb-8281-4a5b-ad37-48dcd1473d24,1,176
Matthew Skinner,,1,176
Matthew Walter,1779ab5a-f46f-402b-be2c-de8572803594,1,34
Matthew Walter,,1,34
Maureen Estrada,e64fa8ae-af15-481a-86b4-e35823bdd527,1,362
Maureen Estrada,,1,362
Maxwell King,cf31b4df-db7e-42d0-bf28-1c38aa90bdfe,1,367
Maxwell King,,1,367
Megan Brooks,d2bc79a7-8166-416a-b065-dc185bfcae37,1,256
Megan Brooks,,1,256
Megan Quinn,18ff6a00-d361-475e-afa9-0cf6017df4c7,1,289
Megan Quinn,,1,289
Megan Tran,4c7d787b-508a-47ee-b1e0-4b78a1fb4aa3,1,135
Megan Tran,,1,135
Melanie Lee,98118222-a8d8-4fff-8202-9a7fae01abd0,1,21
Melanie Lee,,1,21
Melanie Mcdaniel,773734f7-ee9b-45f4-8be7-bcde9c87c3a1,1,2
Melanie Mcdaniel,,1,2
Melinda Murray,4e5ae8ea-ee6c-41b5-81ff-2ed72e72af22,1,103
Melinda Murray,,1,103
Melissa Herrera,59467370-ed71-45de-8062-98cb5de52016,1,395
Melissa Herrera,,1,395
Melissa Meyers,dc385e0a-b379-4941-b2c8-0946a6fd4802,1,208
Melissa Meyers,,1,208
Melvin Garcia,9d3c31ee-76b4-4237-ab3f-a86a531670b7,1,94
Melvin Garcia,,1,94
Melvin Liu,ffe67fa0-ef02-445d-9ce1-485d58e1b296,1,498
Melvin Liu,,1,498
Mercedes Saunders,d3775e0c-9ffd-4c3b-8a7a-7b6cd2eb04dc,1,153
Mercedes Saunders,,1,153
Michael Bush Jr.,bd987d09-a9e4-43cb-a3a7-cdea7809c223,1,281
Michael Bush Jr.,,1,281
Michael Cantu,4de6302d-963f-459d-b07b-afcf2a2c5a60,1,384
Michael Cantu,,1,384
Michael Cervantes,3da6912a-bfc4-4d33-bef8-8b314610f40b,1,347
Michael Cervantes,,1,347
Michael Cole,3a0d6113-f1a8-47c1-9964-a58a0709be33,1,270
Michael Cole,,1,270
Michael Collins,9d09beb7-68e1-4b7a-ac11-9242abeeef3f,1,160
Michael Collins,,1,160
Michael Curry,de3b6713-58a3-4897-b339-70979e3a6779,1,407
Michael Curry,,1,407
Michael Evans,279f8422-d3b8-4bb2-a863-6afe9f024365,1,204
Michael Evans,,1,204
Michael Gonzalez,329cfd5f-8e9b-47e8-b251-0a68d7bf7f2b,1,87
Michael Gonzalez,,1,87
Michael Hart,5ce92c81-e4a6-45f1-aaf7-9c00bc49a6a8,1,5
Michael Hart,,1,5
Michael Huynh,0d8ed125-bf6d-464a-8403-844b13d0dc13,1,82
Michael Huynh,,1,82
Michael Johnson,384ef51b-90f7-4cee-9a59-e67b0ead6879,1,368
,b64df920-dd6e-4659-8d31-b0d213879996,1,107
,f336e43a-3dea-4248-adc4-c9a9f4c19024,1,363
Michael Johnson,,3,838
Michael Lane,68184fa1-cec1-4a6c-be31-4924c9c3fd7f,1,361
Michael Lane,,1,361
Michael Lawson,3f8c8fb9-0bb1-44dd-9a9d-e01dbf270b49,1,52
Michael Lawson,,1,52
Michael Lopez,dbe47a44-85bf-4a6b-b0c9-f2d5b7e48f6b,1,197
Michael Lopez,,1,197
Michael Nguyen,ae184b30-2567-4f05-8fae-4831a75c5de9,1,115
Michael Nguyen,,1,115
Michael Richardson,81b5e17b-bee3-4412-9077-b838041760b0,1,886
Michael Richardson,,1,886
Michael Salazar,e7423309-d741-428c-ac1e-ed6183a450d6,1,100
Michael Salazar,,1,100
Michael Schroeder,e85a61ea-2dd6-4491-8296-3ede968e867f,1,183
Michael Schroeder,,1,183
Michael Shah,0ac3a17d-0fca-4666-8841-d5cf7a614c0a,1,147
Michael Shah,,1,147
Michael Silva,d9067236-eed0-4961-a234-05b60591a68a,1,536
Michael Silva,,1,536
Michael Smith,daf44a34-4223-499e-b4e0-d4caad9f1c1a,1,555
Michael Smith,,1,555
Michael Stewart,8b78d72f-e171-41a4-85da-e6412bfaf6e5,1,211
Michael Stewart,,1,211
Michael Torres,e389a65d-2352-4055-95af-f0438aba1836,1,191
Michael Torres,,1,191
Michael Vargas,3e9f7a82-2f7e-407e-a8b7-ce747eafc252,1,220
Michael Vargas,,1,220
Michael Wilson,2f38a377-41de-436e-96f6-f82c3c891e84,1,271
,6c627fd6-1c09-4c71-bbf0-139ea134432b,1,21
Michael Wilson,,2,292
Michael Zhang,90b90be1-61e8-4cf5-87b1-edd11cf6fd7f,1,458
Michael Zhang,,1,458
Michele Baker,8cd97787-62f3-4a79-9e40-c9765b3e6b03,1,24
Michele Baker,,1,24
Michele Williams,3b5ba070-42f9-4a75-89d3-d09aaaf3bd3c,1,288
Michele Williams,,1,288
Michelle Carlson,8eb30a51-ea41-4dad-8c35-fdb13e18a7b6,1,652
Michelle Carlson,,1,652
Michelle Cochran,1b5e2a35-ffa1-4202-8826-73e808b66d38,1,62
Michelle Cochran,,1,62
Michelle Fox,67792643-bf89-4d4a-921d-0393b4a40205,1,121
Michelle Fox,,1,121
Michelle Maldonado,540db2c6-0fd5-49a7-8d19-5101a13476c6,1,146
Michelle Maldonado,,1,146
Michelle Martinez,49f982f0-4d45-45ba-88dc-4641e26e45cf,1,269
Michelle Martinez,,1,269
Michelle Neal,bf456f18-8c59-486f-9669-efcf369c387c,1,691
Michelle Neal,,1,691
Michelle Pierce,ccc99856-f41f-4705-a553-0bba878f309e,1,747
Michelle Pierce,,1,747
Michelle Thomas,524fd5a3-db50-4937-aabf-73ffb98acd75,1,195
Michelle Thomas,,1,195
Michelle Torres,437a3dbc-33cd-40eb-84ea-f8463f28365e,1,705
Michelle Torres,,1,705
Mikayla Bailey,b9b6d10e-4768-4d16-82a0-b46c6b717068,1,803
Mikayla Bailey,,1,803
Miranda Hunt,2505d293-7271-49ad-b129-79c2642e9a32,1,73
Miranda Hunt,,1,73
Miss Angela White,0ee19826-ad58-4b95-b1ee-8e5deac0e5b2,1,87
Miss Angela White,,1,87
Miss Michele Winters,f77cc2cd-f212-4aba-95f6-eb79d2cc744a,1,541
Miss Michele Winters,,1,541
Misty Hill,2e2f7339-0f5b-48ea-b988-def1f833a2ca,1,12
Misty Hill,,1,12
Misty Mills,5a531927-18df-410e-9299-6b13a79c648c,1,278
Misty Mills,,1,278
Misty Payne,b5407a23-c67a-47e0-9865-328ac7a1e0cf,1,289
Misty Payne,,1,289
Monica Chung,6a18ad4b-a1b4-47c9-b836-60c4b45322b8,1,662
Monica Chung,,1,662
Monica Lopez,c34ba17f-4e4f-4c87-8d76-4a8613e08b11,1,628
Monica Lopez,,1,628
Monique Roberts,1687b57d-cf02-4d26-b0fc-a66430c0e7e9,1,88
Monique Roberts,,1,88
Morgan Harper,1a3b10d3-620a-409b-8bf8-ba656ceabc0d,1,421
Morgan Harper,,1,421
Mr. David Johnson MD,ec765085-92b4-47ef-869b-dd34bc7fa517,1,283
Mr. David Johnson MD,,1,283
Mr. Dean Salinas,5928a2f1-fb14-4b55-860b-ab64bec7600a,1,101
Mr. Dean Salinas,,1,101
Mr. Dylan Woods,86bca05d-c94e-498c-949e-a0fd56895506,1,2
Mr. Dylan Woods,,1,2
Mr. James Davis Jr.,9ce420f8-8100-4c60-b874-bfa67e55d81c,1,9
Mr. James Davis Jr.,,1,9
Mr. Jared White,b2adc28c-79e0-445d-95b7-d920f865b90b,1,341
Mr. Jared White,,1,341
Mr. Kevin Fox MD,0bc3ab81-f364-4248-932e-9f6c4988512d,1,501
Mr. Kevin Fox MD,,1,501
Mr. Stephen Mccormick,4f0c7186-3116-4b8f-a600-77deb3d68bca,1,196
Mr. Stephen Mccormick,,1,196
Mrs. Karen Barron,ef5c48cc-b203-4140-8d20-ae077c860882,1,426
Mrs. Karen Barron,,1,426
Mrs. Stacey Randall,b0afc195-7801-4b39-a80f-e957d5e0ab2c,1,192
Mrs. Stacey Randall,,1,192
Mrs. Tiffany Pierce,fff67191-476d-44ca-ab3b-d4bfba0b3472,1,39
Mrs. Tiffany Pierce,,1,39
Ms. Erin Moore,e654ec1d-f3da-4379-95d1-359935326ac1,1,78
Ms. Erin Moore,,1,78
Nancy Donovan,8d7fa983-8ea5-453f-ae59-ae25ebee6c58,1,72
Nancy Donovan,,1,72
Nancy Garrett,508d2757-aa9c-472e-8619-f28cf279dad8,1,130
Nancy Garrett,,1,130
Natalie Glass,f397875d-1c29-44b8-94aa-b24d5d3bebdb,1,93
Natalie Glass,,1,93
Natalie Hamilton,73382932-4e9b-46d2-a873-02a8890d3044,1,41
Natalie Hamilton,,1,41
Natalie Scott,42536daf-8888-43d4-83c7-f55b4313ed2f,1,129
Natalie Scott,,1,129
Nathan Carr,bd165868-61ee-4f94-8cf8-4dd12bccba13,1,34
Nathan Carr,,1,34
Nathan Mitchell PhD,64e7fa41-3ae5-4de4-b110-926bfa60e308,1,31
Nathan Mitchell PhD,,1,31
Nathaniel Hess,d06fee37-9224-4cd1-b4bb-b3e2511ca9e0,1,609
Nathaniel Hess,,1,609
Nathaniel Newton,58f500ec-e22b-4179-b8ec-e278d1d04974,1,497
Nathaniel Newton,,1,497
Nicholas Acevedo,98942f6c-b5fb-4700-ae73-7ae88be68aa5,1,50
Nicholas Acevedo,,1,50
Nicholas Brown,1fe443d3-433a-4ba4-ae7f-a61e9221e091,1,477
Nicholas Brown,,1,477
Nicholas Davidson,0c10f749-6b3c-4073-a66a-23b95e1d8829,1,36
Nicholas Davidson,,1,36
Nicholas Hart,26673f9d-a18b-4995-992f-0c2c59bd26cb,1,130
Nicholas Hart,,1,130
Nicholas Hill,85ba2997-770b-43bc-b836-11a91e5299b1,1,178
Nicholas Hill,,1,178
Nicholas Jackson,50079d54-51e8-4f78-8f50-e0a260ac5c86,1,121
Nicholas Jackson,,1,121
Nicholas Odom,911362f3-8fdd-4de3-9022-31dc0eae2ccb,1,789
Nicholas Odom,,1,789
Nicholas Reed,5c619f4d-4739-4773-9396-b1e1cc984dfc,1,27
Nicholas Reed,,1,27
Nicholas Rivera,b5f071a0-0632-4949-b8f7-fdfa6fc149cf,1,4
Nicholas Rivera,,1,4
Nicholas Stafford,22ae33f4-62b3-4694-a803-13e10aea578a,1,682
Nicholas Stafford,,1,682
Nicole Bolton,b15b37ee-b4a4-476e-9520-060d69a94620,1,96
Nicole Bolton,,1,96
Nicole Cohen,8eaa7f43-7725-46bc-baa0-059ee5537080,1,53
Nicole Cohen,,1,53
Nicole Davis,3615a886-9af6-470c-89ec-e427ff59c46c,1,538
Nicole Davis,,1,538
Nicole Fuller,c72aa3f7-14ae-400d-abf6-68a25206a15a,1,172
Nicole Fuller,,1,172
Nicole Martinez,6dae4e72-94b0-4d14-bfc7-b2b796cf0155,1,308
Nicole Martinez,,1,308
Nina Lewis,e986fbdd-3997-45ea-8412-b884f9cefc9b,1,71
Nina Lewis,,1,71
Olivia Smith,ca7eeee4-f092-4df9-83a8-26030bf7c9e3,1,520
Olivia Smith,,1,520
Omar Martinez,718e1ffb-44e2-41df-be59-4fba513a9b46,1,265
Omar Martinez,,1,265
Oscar Harper,2e07482e-a680-4784-9ac9-d4eea9ef259d,1,445
Oscar Harper,,1,445
Oscar Miller,860dcaf9-6fa0-4d03-a39b-2f3aa71694de,1,282
Oscar Miller,,1,282
Paige Glover,3cd1ed01-f0ec-424d-bf7f-44ca4eba5c78,1,746
Paige Glover,,1,746
Pamela Aguirre,9a159846-b0b8-4f0d-bd07-907556a40dfc,1,249
Pamela Aguirre,,1,249
Pamela Sullivan,df55977d-7a7f-404d-ac85-cde80b7dca6a,1,564
Pamela Sullivan,,1,564
Patricia Valdez,e741fde7-7d20-4c83-885a-e2d948ea2500,1,385
Patricia Valdez,,1,385
Patrick Jackson,2156ae24-5edf-41ba-9eca-c335592f7e0a,1,228
Patrick Jackson,,1,228
Patrick Mendoza,c97efbcf-efb6-4a0e-ac8f-4b8a64eb392c,1,277
Patrick Mendoza,,1,277
Patrick Smith,a89b2721-4bc0-4370-bf8e-65c16adc340b,1,764
Patrick Smith,,1,764
Patrick Wells,f7c51c78-2de3-474e-b1fa-4d6f7cb6a523,1,87
Patrick Wells,,1,87
Paul Austin,4a6bf826-34a6-4873-8618-202196057558,1,289
Paul Austin,,1,289
Paul Li,d2ea74c6-92a7-4ab7-a2ab-ed3090862f34,1,685
Paul Li,,1,685
Paul Villarreal,14d5a8c2-9da4-4591-8923-8aab3b2565d1,1,418
Paul Villarreal,,1,418
Penny Hansen,2e64f058-ed0a-4a4b-add6-d43ed5041d13,1,194
Penny Hansen,,1,194
Phillip Ellis,f6276546-28c7-4784-b8d0-79543f8c5191,1,456
Phillip Ellis,,1,456
Phyllis Castillo,404e46ec-8c27-4be3-8463-672cd6f5a1f7,1,926
Phyllis Castillo,,1,926
Rachel Davis,300153bc-1950-447b-a382-4e4dfaa96c31,1,78
Rachel Davis,,1,78
Rachel Gonzalez,6dc6dd6c-924f-460e-8c5a-90ddd2740964,1,308
Rachel Gonzalez,,1,308
Rachel Mayer,9679b134-a9ff-4d4e-aac5-0c91442d7f96,1,154
Rachel Mayer,,1,154
Rachel Morrow,e5e52095-623c-44e6-8617-3910a24010da,1,423
Rachel Morrow,,1,423
Randall Walker,8de49f3d-5eef-407a-8730-d9ff3a9ea5b0,1,24
Randall Walker,,1,24
Randy Evans,931f67c8-a6ab-4c75-aa56-cdc86ade713b,1,202
Randy Evans,,1,202
Ray Allen,80ef55ad-4e54-4567-8314-069eec54dce3,1,15
Ray Allen,,1,15
Raymond Bender,6f381aa6-d451-417c-89df-e9a61fd4e967,1,462
Raymond Bender,,1,462
Raymond Oliver,66914272-27de-4394-8d07-d9f447473617,1,106
Raymond Oliver,,1,106
Rebecca Colon,aa5c81a9-c041-471b-b25a-7945f0b0d2d7,1,268
Rebecca Colon,,1,268
Rebecca Larsen,22f584d9-63b7-48d5-8368-80059e61910d,1,381
Rebecca Larsen,,1,381
Rebecca Moore,fcf24149-4b41-4213-b243-9491becdda2d,1,473
Rebecca Moore,,1,473
Rebecca Phillips,bba62262-776d-491d-a9ad-12ff6ceed3d4,1,281
Rebecca Phillips,,1,281
Rebecca Walker,f092cd93-7200-43de-b55c-09ed6f7344d0,1,314
Rebecca Walker,,1,314
Rebekah Harris,b3cb0da5-3338-491a-b9d7-f311284d2a4a,1,113
Rebekah Harris,,1,113
Rhonda Castaneda,6e15eae8-8f0e-4482-bcea-e26cc49fd4b6,1,18
Rhonda Castaneda,,1,18
Rhonda Perez,d3038b15-7d10-4283-913c-330f4014a35e,1,238
Rhonda Perez,,1,238
Ricardo Watson,d541202c-079f-424d-876e-4440bf418f94,1,102
Ricardo Watson,,1,102
Richard Allen,b9e6bc4f-198e-49b1-a841-820e3d16581e,1,446
Richard Allen,,1,446
Richard Daugherty,08c96f0c-f546-45ac-8743-4a0b5a4b43be,1,130
Richard Daugherty,,1,130
Richard Garner,1f044add-eadc-4f7b-9c1e-4927c33e8b62,1,87
Richard Garner,,1,87
Richard Lynch,dace7562-ad2e-4aa5-8173-e1269a6b8ec7,1,490
Richard Lynch,,1,490
Richard Rivas DDS,e92765a1-d257-46c3-b7b0-28e8ad75ac2c,1,129
Richard Rivas DDS,,1,129
Richard Russell,c1eeb7ec-4639-49cf-bd2b-2cf1719208f7,1,15
Richard Russell,,1,15
Richard Sawyer,e72d42dd-64a7-465c-97da-d974cb5ae947,1,895
Richard Sawyer,,1,895
Richard Young,d52730e5-84c0-406b-be18-93b7ef42058d,1,120
Richard Young,,1,120
Ricky Petty,81556458-51a6-414c-ba9e-4a71e70d6c2b,1,423
Ricky Petty,,1,423
Rita Watts,8ef676d0-dfc5-4751-9485-d33d837c16d5,1,420
Rita Watts,,1,420
Robert Anthony,fea7d802-250d-4dbd-b46a-a39a3a639b2c,1,342
Robert Anthony,,1,342
Robert Carson,49dec9e9-6ecb-43e9-925f-7e74339927a2,1,324
Robert Carson,,1,324
Robert David,098da33c-a2d3-4dcb-9266-d3d1292207b0,1,614
Robert David,,1,614
Robert Green,f4525107-4e5e-408d-ae59-5ef3f08485b8,1,115
Robert Green,,1,115
Robert Henderson,7fe81b61-7ab9-4fe5-a207-12a75f3d1578,1,870
Robert Henderson,,1,870
Robert Johnson,d61eeac2-7ce1-4ff3-b258-c8a0997d7e5e,1,393
Robert Johnson,,1,393
Robert Jordan,12b32b8a-df71-463a-a9cf-b26b283cfa20,1,108
Robert Jordan,,1,108
Robert Mack,0c19f8a1-7c18-48d0-a554-d9665468c3fb,1,91
,3a716e4b-fa77-4e83-b691-efa312f45b5b,1,660
Robert Mack,,2,751
Robert Marshall,6fe45c19-02d0-4770-a3d6-49439647587c,1,759
Robert Marshall,,1,759
Robert Newton,96c9d8df-1882-4dc7-964a-1078512ae0de,1,239
Robert Newton,,1,239
Robert Patterson,decc0653-53aa-431e-aef7-35166f287d54,1,261
Robert Patterson,,1,261
Robert Rogers,21ba25fa-4609-4801-a0d0-bc22c9f69d4a,1,38
Robert Rogers,,1,38
Robert Smith,cfa7d6d6-c47e-4706-8249-c804c9d13d63,1,46
Robert Smith,,1,46
Robert Wagner,95f7dda1-652e-48a6-92be-ec7bbdfeb7a0,1,26
Robert Wagner,,1,26
Robert Wallace,b3b16a6f-2486-4949-a4cc-4a6b3bdafeed,1,272
Robert Wallace,,1,272
Robin Thompson,c2342d43-ade7-4e7a-b28f-6d90b9a88237,1,586
Robin Thompson,,1,586
Rodney Benson,6dc7cd83-b78c-4edf-809e-1626a4dcb47c,1,702
Rodney Benson,,1,702
Rodney Decker,f2a2a0b4-860a-4ed3-b60c-31c843a455c5,1,52
Rodney Decker,,1,52
Rodney Hall,3710b79c-28d3-4a23-8c7b-2378b1c62de7,1,84
Rodney Hall,,1,84
Roger Mann,1b13fe66-aeba-4d3e-8ca3-32e370561e46,1,746
Roger Mann,,1,746
Ronald Austin,30981f7e-234b-4e08-a0c6-a3facdc3ba1a,1,382
Ronald Austin,,1,382
Ronald Diaz,76a69d5a-a6ee-4457-b18e-db4a38533c23,1,325
Ronald Diaz,,1,325
Ronald Hernandez,1db579d1-f1b6-4278-8456-dcdcbc0a2d5b,1,57
Ronald Hernandez,,1,57
Ronald Snyder,d0c13a68-3165-438b-8dd9-ba94d7e47842,1,208
Ronald Snyder,,1,208
Ronnie Gomez,845280a0-d976-472a-ae9d-b33dbfb5866e,1,495
Ronnie Gomez,,1,495
Roy Ortega,da3b73ab-29c9-48bc-ac46-04028ea5c000,1,314
Roy Ortega,,1,314
Roy Wright,0bfeacd0-53ed-4fc4-9a78-0383d93d1423,1,97
Roy Wright,,1,97
Ryan Aguilar,a50d1351-8a01-4d04-8a23-f001cb4b1635,1,452
Ryan Aguilar,,1,452
Ryan Davis,f3948e71-7192-4f06-a662-ab656db9e52a,1,441
Ryan Davis,,1,441
Ryan Deleon,cedbe3cd-9e73-4166-8520-12e8e5b737a3,1,3
Ryan Deleon,,1,3
Ryan Gray,82b3a341-67ec-4b66-9360-e47e0d52e37d,1,287
Ryan Gray,,1,287
Ryan Hughes,9f3597d7-7382-4524-984c-8f0447992a57,1,559
Ryan Hughes,,1,559
Ryan King,1fc00737-1f63-4d96-b71f-86a12b65359d,1,570
Ryan King,,1,570
Ryan Rasmussen,f2fe9a9c-539e-4cc4-9dea-6da7a473bfa6,1,51
Ryan Rasmussen,,1,51
Sabrina Hughes,eb534583-920e-4b05-b124-39f503f92056,1,2
Sabrina Hughes,,1,2
Sabrina Smith,9f3bba7a-4403-4ce6-9443-52e306805b23,1,519
Sabrina Smith,,1,519
Samantha Galloway,0367b8cd-364c-4b7c-b9d3-8071adbd051a,1,783
Samantha Galloway,,1,783
Samantha Hayes,e20f6958-b39b-4cb4-9482-993eea87ea68,1,329
Samantha Hayes,,1,329
Samantha Jordan,21aac82b-041d-44f4-be19-a28be3d46c15,1,227
Samantha Jordan,,1,227
Samantha Martinez,4d5bab08-e450-4f56-9908-eeecad57b9ec,1,161
Samantha Martinez,,1,161
Samuel Browning,66131d5f-c4a8-4f6a-a2a1-b5e9df710543,1,43
Samuel Browning,,1,43
Samuel Gonzalez,4de48c24-34bf-44c0-996c-4a850e69ca93,1,321
Samuel Gonzalez,,1,321
Samuel Peterson,2101531a-afdf-4093-b8e0-57f795bbd5f5,1,716
Samuel Peterson,,1,716
Sandra Boyd,a0a1fcd3-d5bb-479c-9f90-7aaaf9091afa,1,171
Sandra Boyd,,1,171
Sandra Castro,ddbdd6b1-3e93-4179-b94b-957671f9dde6,1,141
Sandra Castro,,1,141
Sandra Jordan,9072ee0a-e66d-41a9-9fac-a4209c61b43f,1,418
Sandra Jordan,,1,418
Sandra Sanchez,68f19d79-6a93-4371-a3ae-f247ead61f04,1,623
Sandra Sanchez,,1,623
Sandy Fitzpatrick,e262746b-fe4c-4e2f-85a7-5fcd63f22b58,1,146
Sandy Fitzpatrick,,1,146
Sara Tran,a875178c-62af-43a9-a9bd-a16a5af29c7d,1,52
Sara Tran,,1,52
Sarah Bradford,4b91b6f6-f5d7-4115-b8c1-05901ceb9ec9,1,430
Sarah Bradford,,1,430
Sarah Hawkins,90c2ed1f-74b0-4691-ad0c-e72f5d83eec1,1,506
Sarah Hawkins,,1,506
Sarah Jackson,e351c8e1-8bce-4703-90e7-a7a5b96e970c,1,205
Sarah Jackson,,1,205
Sarah Johnson,bf1de5de-1f4c-47d7-9cca-c4ac70fd87b6,1,145
Sarah Johnson,,1,145
Sarah Lee,3b8bd4cd-80b7-4e28-96e1-91415dd8c63c,1,102
Sarah Lee,,1,102
Sarah Lopez,5cb9aa01-19e0-42a6-a2c4-a97529685ee9,1,568
Sarah Lopez,,1,568
Savannah Campbell,226fce59-0eb9-4fe0-865b-f0fee0ec41d4,1,409
Savannah Campbell,,1,409
Scott Perez,b357133b-0f78-434a-b5ac-9b2704b6830f,1,192
Scott Perez,,1,192
Scott Robinson,c4b137fe-f035-4a8b-bdbe-85c980eb06c3,1,151
Scott Robinson,,1,151
Scott Williams,ec74b8eb-0d0d-4d1b-93d0-a49155df8e4f,1,30
Scott Williams,,1,30
Sean Humphrey,1243de88-9186-473b-b101-d54a8e5d13bd,1,310
Sean Humphrey,,1,310
Sean Terrell,52705cda-9541-4f8a-97cd-5efd79a567da,1,79
Sean Terrell,,1,79
Shane Owens,bd233bfb-385b-449e-905c-24bd93ce48fa,1,280
Shane Owens,,1,280
Shane Tran,3ddc4df5-5bc5-4dfe-974f-37ac1edbfffc,1,65
Shane Tran,,1,65
Shannon Blair,266b99a9-2960-4ac6-9338-f945fed0664a,1,617
Shannon Blair,,1,617
Shannon Gibbs,fca503bd-951e-42b1-bee6-3c3940a17012,1,23
Shannon Gibbs,,1,23
Shannon Russell,14a77d20-f1d2-4dfa-b77b-6b694c9b34a6,1,205
Shannon Russell,,1,205
Shannon White,a9401540-fd98-480f-9b6d-af372f3b026e,1,721
Shannon White,,1,721
Shari Doyle,983a5d38-b5de-4d77-9964-0ca3e7aa9919,1,48
Shari Doyle,,1,48
Sharon Alvarez,d0301a1e-aeb6-4634-bc91-8827868e95b2,1,99
Sharon Alvarez,,1,99
Shaun Collins,ec5acb94-f7f7-4f74-9f20-203aa7881ee6,1,120
Shaun Collins,,1,120
Shawn Crosby,85fbf644-8567-47ab-985d-5ec93d001853,1,55
Shawn Crosby,,1,55
Shawn Joyce,616b4b88-8372-4954-8f03-6dbc36923a7c,1,700
Shawn Joyce,,1,700
Shawn Maynard,87e44311-5112-4cfc-af41-07917254e204,1,210
Shawn Maynard,,1,210
Sheena Knight,6ac89116-b50b-4ca7-93b4-c1c4ebe399d5,1,412
Sheena Knight,,1,412
Sherri Miller,143545bd-6817-499c-93a1-2ed34711e7f2,1,161
Sherri Miller,,1,161
Sierra Murray,4b51e5c1-7415-4d4e-a658-4ee4d7c87e2b,1,733
Sierra Murray,,1,733
Stacey Harper,efb2b4ac-a107-4f27-a944-039bb619c02c,1,48
Stacey Harper,,1,48
Stacy Maddox,9771d47a-9185-422e-9fe9-204200933e13,1,176
Stacy Maddox,,1,176
Stacy Simmons,798a61b0-9998-4944-a760-6599ba64a819,1,587
Stacy Simmons,,1,587
Stacy Walters,2406c16d-dbf8-4fee-bd8a-a0943d893c61,1,105
Stacy Walters,,1,105
Stephanie Anderson,bb4f5310-057b-4523-85b3-4c6b6f9f5190,1,288
Stephanie Anderson,,1,288
Stephanie May,ffdd0a4b-c960-4338-b972-0996da2cde8c,1,591
Stephanie May,,1,591
Stephanie Park,cff65850-1aae-446c-b08c-6fd1f890577d,1,91
Stephanie Park,,1,91
Stephanie Perez,3beb8af5-20f9-4638-b1d9-6f0029311156,1,152
Stephanie Perez,,1,152
Stephen Ward Jr.,5da323eb-8ba5-446c-bbe1-49d99bf9b621,1,91
Stephen Ward Jr.,,1,91
Stephen Williams,994d925f-66f7-46ee-be2c-bcc37c16d2c9,1,964
Stephen Williams,,1,964
Steven Farley,132dd084-9d78-46ae-b555-64fe413133a0,1,618
Steven Farley,,1,618
Steven Griffin,957ec345-09f7-4ddc-befd-5e9a526fbf8a,1,13
Steven Griffin,,1,13
Steven Miller,4a7acc70-96ee-4ce1-9462-046fc4393c1f,1,13
Steven Miller,,1,13
Steven Reed,79b8dc17-377c-4c4f-88df-b6c67ce0dace,1,75
Steven Reed,,1,75
Steven Spence,aeacac57-0194-493a-9875-a9ddbf6fa3b8,1,811
Steven Spence,,1,811
Steven Walsh,87404819-0216-4aa6-aa84-f4cbf372b29d,1,82
Steven Walsh,,1,82
Susan Bailey,df8d6e66-f2ee-4378-82bd-308645d90044,1,243
Susan Bailey,,1,243
Susan Bradley,b2b5b9e3-2f1f-4276-8031-e503b2e05043,1,427
Susan Bradley,,1,427
Susan Edwards,d4e7396b-dcec-4d55-88e5-62e6be24dc2a,1,246
Susan Edwards,,1,246
Susan Morales,1e50efbf-0ab1-46a2-8f76-0154c5d6b345,1,440
Susan Morales,,1,440
Susan Travis,f3979922-31cb-4f2e-9107-d92aef3b2dbb,1,44
Susan Travis,,1,44
Susan Warren,b904f7a0-b325-41ba-b894-14e76d9c63a6,1,995
Susan Warren,,1,995
Tabitha Miller,94b83a2f-63e8-402f-8dbb-7efe87dfa76f,1,11
Tabitha Miller,,1,11
Tamara Brown,061a99d7-4af6-4eb2-bbb8-4a94e32e3968,1,43
Tamara Brown,,1,43
Tamara Noble,60dad2f8-1ba7-482a-a46c-09bae6a4d3a4,1,366
Tamara Noble,,1,366
Tammy Hanson,bdc0b431-cec6-4aae-a8c5-87ae54841b11,1,121
Tammy Hanson,,1,121
Tammy King,054dd427-fd61-4e12-8364-3abf30630ad2,1,138
Tammy King,,1,138
Tanya Anderson,cceaaa47-5b20-4aea-994e-335dacbf69d6,1,552
Tanya Anderson,,1,552
Tanya Roberts,82b17900-4957-4547-b023-75edb981626b,1,362
Tanya Roberts,,1,362
Tara Evans,76ddd4dd-52c0-4d95-8166-0784df34f3dc,1,112
Tara Evans,,1,112
Taylor Brock,6cab5b6f-9c23-4ddf-91e1-e83027c5967f,1,408
Taylor Brock,,1,408
Taylor Chavez,8666003d-729a-4c0d-8f9a-53835ba2b2bf,1,506
Taylor Chavez,,1,506
Taylor Hernandez,1ccf5710-48eb-4a96-be7b-f5f65c8c8b4a,1,126
,4c6ca16b-566e-4b1c-8d39-b70af4ee69cf,1,768
Taylor Hernandez,,2,894
Teresa Nelson,1ec9caed-436a-44e6-aa1d-390596b0850b,1,18
Teresa Nelson,,1,18
Terri Walsh,917e9fd1-2200-4edc-a0f2-f10d052a8d59,1,259
Terri Walsh,,1,259
Theresa Mueller,d63bcb61-7936-4e1d-9b61-c38e2b66b3fb,1,574
Theresa Mueller,,1,574
Theresa Pollard,7ae47e80-2ea7-4616-bc51-6a09a8e30341,1,47
Theresa Pollard,,1,47
Theresa Smith,beace545-6e6d-4c0e-b2eb-a90e1629a483,1,181
Theresa Smith,,1,181
Thomas Cardenas,17d25c22-827f-4cae-94fd-89c0fcad710c,1,172
Thomas Cardenas,,1,172
Thomas Conley,ee38371e-4ae0-41c5-a968-23eaeb8d715b,1,397
Thomas Conley,,1,397
Thomas Delgado,bdefcabb-f1da-482f-943b-47021fb54d14,1,237
Thomas Delgado,,1,237
Thomas Henderson,78dce01d-afe6-4699-af97-265d02f8587d,1,277
Thomas Henderson,,1,277
Thomas Kelley,d223c733-dfdc-456a-8a93-0bfe23756bd7,1,24
Thomas Kelley,,1,24
Thomas Lopez,72030e73-ebf4-4098-96f5-f38b51b66c23,1,766
Thomas Lopez,,1,766
Tiffany Baldwin MD,20300bce-5f67-4576-8007-852be2f9d297,1,201
Tiffany Baldwin MD,,1,201
Tiffany Chen,f96c2846-d6bf-46e1-b771-bf7824839d8d,1,271
Tiffany Chen,,1,271
Tiffany Phillips,fa644995-43be-42ae-99e1-e730beac3a2a,1,30
Tiffany Phillips,,1,30
Tiffany Walsh,1be7a5c5-5f4f-43d9-8bc3-edc46b3e9e88,1,133
Tiffany Walsh,,1,133
Tiffany Wolf,531a7e2b-676b-48ab-a839-fb01394ab40d,1,85
Tiffany Wolf,,1,85
Tiffany Woods,306d7979-5824-45fa-8814-462dce67ac93,1,86
Tiffany Woods,,1,86
Timothy Li,d2ed8f8e-dd16-4596-aca5-96edeae68bc0,1,137
Timothy Li,,1,137
Timothy Sandoval,b020fc78-321d-48a6-9a59-86a73c6b513d,1,286
Timothy Sandoval,,1,286
Tina Nguyen,f1080329-428c-44c8-986d-b43e4be0462f,1,593
Tina Nguyen,,1,593
Tina Swanson,22392859-25dc-4862-9ab3-7951bd59a0bc,1,54
Tina Swanson,,1,54
Todd Lamb,021a0d3e-2ce1-484e-b159-0b1e0fe99cb9,1,192
Todd Lamb,,1,192
Todd Moody,11817ad3-1c4d-40ec-ab7f-0aadb0f1c51f,1,694
Todd Moody,,1,694
Tracey Stewart,1700ddf7-c889-457c-9c43-dbf05fca2df6,1,789
Tracey Stewart,,1,789
Tracy Davis,b81e5a32-cbda-4fab-95a0-7d3f051c90f3,1,31
Tracy Davis,,1,31
Tracy Juarez,c19505a9-2ed5-4de8-83a5-933c9ce28a1f,1,3
Tracy Juarez,,1,3
Travis Davis,a9431508-36f0-4263-ab49-5b8218b9459d,1,157
Travis Davis,,1,157
Troy Bowen,6c9a8cbd-3fe5-480a-bfb5-935d0cb2207a,1,558
Troy Bowen,,1,558
Tyler Hart,aabe6699-a39b-4034-9904-23c31ea7e64a,1,71
Tyler Hart,,1,71
Tyrone Owen,736f9f71-aa34-41a3-a3b6-938b3772d9f1,1,458
Tyrone Owen,,1,458
Valerie Green,8f3c5fd7-1422-4d41-8ccf-10a78967bd7a,1,444
Valerie Green,,1,444
Valerie Hanson,23f68bf3-5a59-4d8d-bf80-a3919b302a08,1,338
Valerie Hanson,,1,338
Vanessa Ashley,87a117c7-4578-4c20-b616-6925b7d227a7,1,68
Vanessa Ashley,,1,68
Vanessa Lopez,34ac2273-2674-460b-b6f9-36174c3d082b,1,502
Vanessa Lopez,,1,502
Veronica Lopez,8c7029a9-3fbd-4ee7-82d8-a0a5110dbd2c,1,175
Veronica Lopez,,1,175
Veronica Miller,e8a037ae-f01d-4e20-a28f-df19823bb2ff,1,114
Veronica Miller,,1,114
Veronica Santos,a0ac44c9-2f4f-4edf-898d-c8b91c5d9e84,1,5
Veronica Santos,,1,5
Vickie Marshall,cbee1edd-249f-44c0-a92e-eed49569e596,1,727
Vickie Marshall,,1,727
Victoria Mcmahon,d4bafa5b-7ad2-47fe-a6f2-9b41c9a07efa,1,717
Victoria Mcmahon,,1,717
Vincent Austin,d0191aba-981e-45f1-a2d3-72fc002063c3,1,917
Vincent Austin,,1,917
Wanda Boyle,e77ecc1b-ff9d-4ca0-a3bb-39956364d442,1,127
Wanda Boyle,,1,127
Wanda Rich,3bd65542-7cc6-4fcf-b4db-2270b29b2098,1,453
Wanda Rich,,1,453
Warren Hayes,0526b631-d660-480c-970b-8a04bf9835b0,1,183
Warren Hayes,,1,183
Wendy Riddle,67f4eabf-204f-4af3-82e3-76bda6ee4943,1,212
Wendy Riddle,,1,212
Wesley Phillips,55cabfcb-b0e8-4ccd-a777-ab546f6a4cbe,1,931
Wesley Phillips,,1,931
Wesley West,3e532a0c-cd29-4af0-8bef-269c8e6c12ab,1,76
Wesley West,,1,76
William Baker,c654cc07-5e53-4c3b-9a43-c46eaeeabb08,1,1
William Baker,,1,1
William Benton,003c0c33-12ae-4fb7-8d49-f38191dbda90,1,71
William Benton,,1,71
William Bryan MD,f5fd77a7-5078-4f05-a095-465f96da856c,1,64
William Bryan MD,,1,64
William Callahan,e786839b-bd68-4285-bcb5-6ce13ab4fc82,1,164
William Callahan,,1,164
William Duncan,98b90380-2edc-4649-ad82-f66d4f7516fb,1,528
William Duncan,,1,528
William Gonzalez,916289f6-bf04-4bf6-ba67-d950effbff1e,1,33
William Gonzalez,,1,33
William Haley,ae6a64f9-f88f-4cdd-879f-d31de304ca2f,1,33
William Haley,,1,33
William Moore,ff34c153-0721-4feb-b692-1308e6b19b46,1,39
William Moore,,1,39
William Wade,108d1911-25cf-4d5a-9a7d-0fe642cd8528,1,40
William Wade,,1,40
Yolanda Garcia,e5f1241b-8528-44fe-b0c2-7e11b0cb5c66,1,288
Yolanda Garcia,,1,288
Yvette Tyler,0fec3070-763c-4f19-ac5f-43556c8ff9c9,1,156
Yvette Tyler,,1,156
Yvonne Brooks,f8ce2b70-4e4f-4bf2-b26f-33c50633d894,1,267
Yvonne Brooks,,1,267
Zachary Henderson,4fc92207-58c4-4868-bfc9-3dd4fb8c332c,1,291
Zachary Henderson,,1,291
Zachary Logan,2ed78c49-b3df-464f-b148-7b629137aabe,1,138
Zachary Logan,,1,138
Zachary Martin,e55c39f7-5e94-4a7e-ac35-ef99a2d9d85a,1,23
Zachary Martin,,1,23
Zachary May,aac35635-4fc2-4a6f-81bb-c5875513093a,1,38
Zachary May,,1,38
Zachary Paul,f0bec6c8-ce00-4971-bcac-9529d2bd3503,1,97
Zachary Paul,,1,97
Zachary Salazar,a51288a7-c539-4aa0-932e-50ce0b04a520,1,36
Zachary Salazar,,1,36
Zachary Williams,024c4c94-be9d-4e93-9b43-bdb9ea5a5226,1,781
Zachary Williams,,1,781
Grand Summary:,,1000,270877
